,Unnamed: 0,Unnamed: 0.1,Unnamed: 0.1.1,Unnamed: 0.1.1.1,Unnamed: 0.1.1.1.1,Unnamed: 0.1.1.1.1.1,Drive Frequency,Average Amps,Discharge Pressure,Intake Pressure,Intake Temperature,Motor Temperature,Drive Frequency anomaly,Average Amps anomaly,Discharge Pressure anomaly,Intake Pressure anomaly,Intake Temperature anomaly,Motor Temperature anomaly
0,0,0,0,0,0,0,52.900001525878906,38.5,652.4099731445312,1370.949951171875,61.900001525878906,84.80000305175781,1,1,1,1,1,1
1,1,1,1,1,1,1,52.900001525878906,37.900001525878906,652.4099731445312,1370.949951171875,61.900001525878906,84.80000305175781,1,1,1,1,1,1
2,2,2,2,2,2,2,52.900001525878906,37.900001525878906,652.97998046875,1370.81005859375,61.900001525878906,84.80000305175781,1,1,1,1,1,1
3,3,3,3,3,3,3,52.900001525878906,37.900001525878906,652.5499877929688,1369.9599609375,61.900001525878906,84.9000015258789,1,1,1,1,1,1
4,4,4,4,4,4,4,52.900001525878906,37.900001525878906,651.97998046875,1370.6700439453125,61.900001525878906,84.80000305175781,1,1,1,1,1,1
5,5,5,5,5,5,5,52.900001525878906,38.29999923706055,651.97998046875,1370.6700439453125,61.900001525878906,84.80000305175781,1,1,1,1,1,1
6,6,6,6,6,6,6,52.900001525878906,38.29999923706055,652.27001953125,1369.9599609375,61.900001525878906,84.80000305175781,1,1,1,1,1,1
7,7,7,7,7,7,7,52.900001525878906,38.29999923706055,652.27001953125,1370.3900146484375,61.900001525878906,84.9000015258789,1,1,1,1,1,1
8,8,8,8,8,8,8,52.900001525878906,38.29999923706055,651.97998046875,1368.25,61.900001525878906,84.80000305175781,1,1,1,1,1,1
9,9,9,9,9,9,9,52.900001525878906,37.09999847412109,651.97998046875,1368.25,61.900001525878906,84.80000305175781,1,1,1,1,1,1
10,10,10,10,10,10,10,52.900001525878906,37.09999847412109,652.1199951171875,1368.3900146484375,61.900001525878906,84.80000305175781,1,1,1,1,1,1
11,11,11,11,11,11,11,52.900001525878906,37.09999847412109,651.27001953125,1367.8299560546875,61.900001525878906,84.80000305175781,1,1,1,1,1,1
12,12,12,12,12,12,12,52.900001525878906,37.09999847412109,651.97998046875,1369.8199462890625,61.900001525878906,84.9000015258789,1,1,1,1,1,1
13,13,13,13,13,13,13,52.900001525878906,38.0,651.97998046875,1369.8199462890625,61.900001525878906,84.9000015258789,1,1,1,1,1,1
14,14,14,14,14,14,14,52.900001525878906,38.0,651.97998046875,1369.8199462890625,61.900001525878906,84.9000015258789,1,1,1,1,1,1
15,15,15,15,15,15,15,52.900001525878906,38.0,654.260009765625,1369.3900146484375,62.0,84.80000305175781,1,1,1,1,1,1
16,16,16,16,16,16,16,52.900001525878906,38.0,651.4099731445312,1358.1500244140625,62.0,84.80000305175781,1,1,1,1,1,1
17,17,17,17,17,17,17,52.900001525878906,37.900001525878906,651.4099731445312,1358.1500244140625,62.0,84.80000305175781,1,1,1,1,1,1
18,18,18,18,18,18,18,52.900001525878906,37.900001525878906,651.4099731445312,1358.1500244140625,62.0,84.80000305175781,1,1,1,1,1,1
19,19,19,19,19,19,19,52.900001525878906,37.900001525878906,658.8099975585938,1353.5999755859375,62.0,84.80000305175781,1,1,1,1,1,1
20,20,20,20,20,20,20,52.900001525878906,37.900001525878906,650.8400268554688,1341.3699951171875,61.900001525878906,84.80000305175781,1,1,1,-1,1,1
21,21,21,21,21,21,21,52.900001525878906,38.400001525878906,650.8400268554688,1341.3699951171875,61.900001525878906,84.80000305175781,1,1,1,-1,1,1
22,22,22,22,22,22,22,52.900001525878906,38.400001525878906,650.5599975585938,1341.3699951171875,61.900001525878906,84.80000305175781,1,1,1,-1,1,1
23,23,23,23,23,23,23,52.900001525878906,38.400001525878906,670.0499877929688,1356.449951171875,62.09999847412109,84.80000305175781,1,1,1,1,1,1
24,24,24,24,24,24,24,52.900001525878906,38.400001525878906,708.3099975585938,1374.510009765625,64.9000015258789,84.9000015258789,1,1,1,1,-1,1
25,25,25,25,25,25,25,52.900001525878906,34.29999923706055,708.3099975585938,1374.510009765625,64.9000015258789,84.9000015258789,1,1,1,1,-1,1
26,26,26,26,26,26,26,52.900001525878906,34.29999923706055,708.3099975585938,1374.510009765625,64.9000015258789,84.9000015258789,1,1,1,1,-1,1
27,27,27,27,27,27,27,52.900001525878906,34.29999923706055,724.9500122070312,1382.18994140625,66.30000305175781,85.69999694824219,1,1,1,1,-1,1
28,28,28,28,28,28,28,52.900001525878906,34.29999923706055,736.75,1433.25,67.0999984741211,88.4000015258789,1,1,1,-1,-1,-1
29,29,29,29,29,29,29,52.900001525878906,33.900001525878906,736.75,1433.25,67.0999984741211,88.4000015258789,1,1,1,-1,-1,-1
30,30,30,30,30,30,30,52.900001525878906,33.900001525878906,736.8900146484375,1433.25,67.0999984741211,88.4000015258789,1,1,1,-1,-1,-1
31,31,31,31,31,31,31,52.900001525878906,33.900001525878906,745.8499755859375,1469.52001953125,68.5,91.4000015258789,1,1,1,-1,-1,-1
32,32,32,32,32,32,32,52.900001525878906,33.900001525878906,753.25,1404.239990234375,70.0,94.5999984741211,1,1,1,1,-1,-1
33,33,33,33,33,33,33,52.900001525878906,33.5,753.25,1404.239990234375,70.0,94.5999984741211,1,1,1,1,-1,-1
34,34,34,34,34,34,34,52.900001525878906,33.5,753.25,1404.239990234375,70.0,94.5999984741211,1,1,1,1,-1,-1
35,35,35,35,35,35,35,52.900001525878906,33.5,760.0800170898438,703.469970703125,72.19999694824219,97.4000015258789,1,1,-1,-1,-1,-1
36,36,36,36,36,36,36,52.900001525878906,33.5,765.47998046875,1396.699951171875,74.19999694824219,100.3000030517578,1,1,1,1,-1,-1
37,37,37,37,37,37,37,52.900001525878906,32.900001525878906,765.47998046875,1396.699951171875,74.19999694824219,100.3000030517578,1,1,1,1,-1,-1
38,38,38,38,38,38,38,52.900001525878906,32.900001525878906,765.77001953125,1396.699951171875,74.30000305175781,100.3000030517578,1,1,1,1,-1,-1
39,39,39,39,39,39,39,52.900001525878906,32.900001525878906,771.030029296875,576.4600219726562,78.0,103.0,1,1,-1,-1,1,-1
40,40,40,40,40,40,40,52.900001525878906,32.900001525878906,775.5800170898438,1291.72998046875,78.0999984741211,105.8000030517578,1,1,1,-1,1,1
41,41,41,41,41,41,41,52.900001525878906,32.900001525878906,775.5800170898438,1291.72998046875,78.0999984741211,105.8000030517578,1,1,1,-1,1,1
42,42,42,42,42,42,42,52.900001525878906,32.900001525878906,775.8599853515625,1335.8199462890625,78.0999984741211,105.8000030517578,1,1,1,-1,1,1
43,43,43,43,43,43,43,52.900001525878906,32.900001525878906,779.989990234375,481.4500122070313,81.5999984741211,108.5,1,1,-1,-1,-1,1
44,44,44,44,44,44,44,52.900001525878906,32.900001525878906,784.260009765625,1405.52001953125,81.69999694824219,111.1999969482422,1,1,-1,1,-1,1
45,45,45,45,45,45,45,52.900001525878906,32.900001525878906,784.260009765625,1405.52001953125,81.69999694824219,111.1999969482422,1,1,-1,1,-1,1
46,46,46,46,46,46,46,52.900001525878906,32.900001525878906,784.260009765625,1405.52001953125,81.69999694824219,111.1999969482422,1,1,-1,1,-1,1
47,47,47,47,47,47,47,52.900001525878906,32.900001525878906,788.0999755859375,793.6400146484375,84.0,113.9000015258789,1,1,1,-1,-1,-1
48,48,48,48,48,48,48,52.900001525878906,32.900001525878906,797.77001953125,1643.0400390625,90.6999969482422,115.8000030517578,1,1,1,-1,-1,-1
49,49,49,49,49,49,49,52.900001525878906,33.20000076293945,797.77001953125,1643.0400390625,90.6999969482422,115.8000030517578,1,1,1,-1,-1,-1
50,50,50,50,50,50,50,52.900001525878906,33.20000076293945,797.0599975585938,1643.0400390625,90.6999969482422,115.8000030517578,1,1,1,-1,-1,-1
51,51,51,51,51,51,51,52.900001525878906,32.900001525878906,797.0599975585938,1643.0400390625,93.0,115.8000030517578,1,1,1,-1,-1,-1
52,52,52,52,52,52,52,52.900001525878906,32.900001525878906,847.8300170898438,215.19000244140625,97.3000030517578,116.6999969482422,1,1,-1,-1,-1,-1
53,53,53,53,53,53,53,0.0,32.900001525878906,821.0900268554688,62.869998931884766,76.4000015258789,113.6999969482422,1,1,1,-1,-1,-1
54,54,54,54,54,54,54,0.0,32.900001525878906,806.72998046875,109.08999633789062,78.0999984741211,104.5,1,1,1,-1,1,1
55,55,55,55,55,55,55,0.0,32.900001525878906,806.72998046875,109.08999633789062,78.0999984741211,104.5,1,1,1,-1,1,1
56,56,56,56,56,56,56,0.0,32.900001525878906,806.5900268554688,119.62000274658205,78.19999694824219,103.3000030517578,1,1,1,-1,1,-1
57,57,57,57,57,57,57,0.0,32.900001525878906,805.8800048828125,203.1000061035156,79.0,98.1999969482422,1,1,1,-1,-1,-1
58,58,58,58,58,58,58,0.0,32.900001525878906,807.2999877929688,319.8800048828125,79.30000305175781,94.0,1,1,1,-1,-1,-1
59,59,59,59,59,59,59,0.0,32.900001525878906,808.8599853515625,461.6799926757813,79.4000015258789,90.9000015258789,1,1,1,-1,-1,-1
60,60,60,60,60,60,60,0.0,32.900001525878906,811.0,553.5599975585938,79.4000015258789,88.5999984741211,1,1,1,-1,-1,-1
61,61,61,61,61,61,61,0.0,32.900001525878906,812.8400268554688,587.5499877929688,79.19999694824219,86.69999694824219,1,1,1,-1,-1,-1
62,62,62,62,62,62,62,0.0,32.900001525878906,814.97998046875,598.0800170898438,78.9000015258789,85.30000305175781,1,1,1,-1,1,1
63,63,63,63,63,63,63,0.0,32.900001525878906,814.97998046875,598.0800170898438,78.9000015258789,85.30000305175781,1,1,1,-1,1,1
64,64,64,64,64,64,64,0.0,32.900001525878906,815.260009765625,599.2100219726562,78.80000305175781,85.0999984741211,1,1,1,-1,1,1
65,65,65,65,65,65,65,0.0,32.900001525878906,817.1099853515625,602.77001953125,78.5999984741211,84.0999984741211,1,1,1,-1,1,1
66,66,66,66,66,66,66,0.0,32.900001525878906,818.9600219726562,614.1500244140625,78.19999694824219,83.0999984741211,1,1,1,-1,1,1
67,67,67,67,67,67,67,0.0,32.900001525878906,820.52001953125,623.1099853515625,77.80000305175781,82.30000305175781,1,1,1,-1,1,1
68,68,68,68,68,68,68,0.0,32.900001525878906,821.9500122070312,643.1599731445312,77.5,81.5,1,1,1,-1,1,-1
69,69,69,69,69,69,69,0.0,32.900001525878906,823.6500244140625,656.25,77.0999984741211,80.80000305175781,1,1,1,-1,1,-1
70,70,70,70,70,70,70,0.0,32.900001525878906,825.5,662.7899780273438,76.80000305175781,80.19999694824219,1,1,1,1,1,-1
71,71,71,71,71,71,71,0.0,32.900001525878906,825.5,662.7899780273438,76.80000305175781,80.19999694824219,1,1,1,1,1,-1
72,72,72,72,72,72,72,0.0,32.900001525878906,825.7899780273438,663.6500244140625,76.69999694824219,80.0999984741211,1,1,1,1,-1,-1
73,73,73,73,73,73,73,0.0,32.900001525878906,827.0700073242188,666.6300048828125,76.5,79.69999694824219,1,1,1,1,-1,-1
74,74,74,74,74,74,74,0.0,32.900001525878906,828.77001953125,670.469970703125,76.19999694824219,79.19999694824219,1,1,1,1,1,-1
75,75,75,75,75,75,75,0.0,32.900001525878906,830.2000122070312,672.1799926757812,75.9000015258789,78.69999694824219,1,1,1,1,-1,-1
76,76,76,76,76,76,76,0.0,32.900001525878906,831.760009765625,677.010009765625,75.5,78.0999984741211,1,1,1,1,1,-1
77,77,77,77,77,77,77,0.0,32.900001525878906,831.760009765625,677.010009765625,75.5,78.0999984741211,1,1,1,1,1,-1
78,78,78,78,78,78,78,1.5,0.0,831.760009765625,677.010009765625,75.5,78.0999984741211,-1,-1,1,1,1,-1
79,79,79,79,79,79,79,1.5,0.0,832.0499877929688,677.1599731445312,75.4000015258789,78.0,-1,-1,1,1,1,1
80,80,80,80,80,80,80,7.699999809265137,22.89999961853028,832.0499877929688,677.1599731445312,75.4000015258789,78.0,-1,-1,1,1,1,1
81,81,81,81,81,81,81,7.699999809265137,22.89999961853028,832.0499877929688,677.1599731445312,75.4000015258789,78.0,-1,-1,1,1,1,1
82,82,82,82,82,82,82,14.399999618530272,25.299999237060547,832.0499877929688,677.1599731445312,75.4000015258789,78.0,-1,-1,1,1,1,1
83,83,83,83,83,83,83,14.399999618530272,25.299999237060547,832.0499877929688,677.1599731445312,75.4000015258789,78.0,-1,-1,1,1,1,1
84,84,84,84,84,84,84,20.600000381469727,26.700000762939453,832.0499877929688,677.1599731445312,75.4000015258789,78.0,-1,-1,1,1,1,1
85,85,85,85,85,85,85,20.600000381469727,26.700000762939453,833.75,677.1599731445312,75.4000015258789,78.0,-1,-1,1,1,1,1
86,86,86,86,86,86,86,26.89999961853028,28.700000762939453,833.75,677.1599731445312,75.4000015258789,78.0,-1,-1,1,1,1,1
87,87,87,87,87,87,87,26.89999961853028,28.700000762939453,833.75,677.1599731445312,75.4000015258789,78.0,-1,-1,1,1,1,1
88,88,88,88,88,88,88,26.89999961853028,28.700000762939453,833.75,677.1599731445312,75.4000015258789,78.0,-1,-1,1,1,1,1
89,89,89,89,89,89,89,60.09999847412109,653.2000122070312,737.5999755859375,1134.800048828125,62.0,107.6999969482422,1,-1,1,1,1,1
90,90,90,90,90,90,90,60.09999847412109,655.2999877929688,737.5999755859375,1135.800048828125,62.0,107.9000015258789,1,-1,1,1,1,1
91,91,91,91,91,91,91,60.09999847412109,657.5999755859375,736.469970703125,1136.800048828125,62.0,108.0999984741211,1,-1,1,1,1,1
92,92,92,92,92,92,92,60.09999847412109,657.0,735.3300170898438,1139.800048828125,62.09999847412109,108.0,1,-1,1,1,1,1
93,93,93,93,93,93,93,60.09999847412109,657.0,735.3300170898438,1143.0999755859375,62.09999847412109,108.0999984741211,1,-1,1,1,1,1
94,94,94,94,94,94,94,60.09999847412109,656.5999755859375,736.0399780273438,1140.0,62.09999847412109,107.9000015258789,1,-1,1,1,1,1
95,95,95,95,95,95,95,60.0,654.2000122070312,734.0499877929688,1139.9000244140625,62.0,107.9000015258789,-1,1,1,1,1,1
96,96,96,96,96,96,96,60.09999847412109,643.2000122070312,733.760009765625,1155.800048828125,62.0,107.3000030517578,1,1,1,1,1,1
97,97,97,97,97,97,97,60.20000076293945,645.5,733.760009765625,1155.199951171875,62.0,107.4000015258789,1,1,1,1,1,1
98,98,98,98,98,98,98,60.20000076293945,648.7999877929688,733.760009765625,1153.199951171875,62.0,107.6999969482422,1,1,1,1,1,1
99,99,99,99,99,99,99,60.20000076293945,649.2000122070312,732.2000122070312,1152.5999755859375,62.0,108.0,1,1,1,1,1,1
100,100,100,100,100,100,100,60.20000076293945,648.9000244140625,731.77001953125,1155.199951171875,62.0,108.4000015258789,1,1,1,1,1,1
101,101,101,101,101,101,101,60.20000076293945,644.9000244140625,731.77001953125,1154.9000244140625,62.0,108.3000030517578,1,1,1,1,1,1
102,102,102,102,102,102,102,60.20000076293945,642.5,731.77001953125,1155.4000244140625,62.0,108.0,1,1,1,1,1,1
103,103,103,103,103,103,103,60.09999847412109,641.7999877929688,731.0599975585938,1156.4000244140625,62.20000076293945,107.4000015258789,1,1,1,1,-1,1
104,104,104,104,104,104,104,60.09999847412109,642.0,730.3499755859375,1156.0999755859375,62.0,107.5999984741211,1,1,1,1,1,1
105,105,105,105,105,105,105,60.09999847412109,640.2999877929688,730.3499755859375,1154.699951171875,62.0,107.6999969482422,1,1,1,1,1,1
106,106,106,106,106,106,106,60.09999847412109,641.2999877929688,730.3499755859375,1157.5999755859375,62.0,108.1999969482422,1,1,1,1,1,1
107,107,107,107,107,107,107,60.09999847412109,641.5,729.6400146484375,1156.800048828125,62.0,108.5,1,1,1,1,1,1
108,108,108,108,108,108,108,60.09999847412109,641.4000244140625,729.0700073242188,1156.5,62.0,108.8000030517578,1,1,1,1,1,1
109,109,109,109,109,109,109,60.09999847412109,640.2000122070312,729.0700073242188,1159.0999755859375,62.0,108.6999969482422,1,1,1,1,1,1
110,110,110,110,110,110,110,60.20000076293945,629.7999877929688,729.0700073242188,1168.699951171875,62.0,107.8000030517578,1,1,1,1,1,1
111,111,111,111,111,111,111,60.20000076293945,632.9000244140625,727.7899780273438,1164.300048828125,62.09999847412109,108.3000030517578,1,1,1,1,1,1
112,112,112,112,112,112,112,60.20000076293945,633.7000122070312,717.97998046875,1165.199951171875,61.900001525878906,108.4000015258789,1,1,1,1,1,1
113,113,113,113,113,113,113,60.20000076293945,633.7000122070312,717.97998046875,1165.699951171875,61.900001525878906,108.3000030517578,1,1,1,1,1,1
114,114,114,114,114,114,114,60.09999847412109,633.9000244140625,718.1199951171875,1162.9000244140625,61.900001525878906,108.4000015258789,1,1,1,1,1,1
115,115,115,115,115,115,115,60.09999847412109,633.4000244140625,716.27001953125,1163.199951171875,62.0,108.0,1,1,1,1,1,1
116,116,116,116,116,116,116,60.09999847412109,633.4000244140625,713.5700073242188,1163.4000244140625,61.900001525878906,107.9000015258789,1,1,1,1,1,1
117,117,117,117,117,117,117,60.09999847412109,627.2000122070312,713.5700073242188,1165.9000244140625,61.900001525878906,107.5,1,1,1,1,1,1
118,118,118,118,118,118,118,60.09999847412109,608.0,713.5700073242188,1185.0,61.900001525878906,106.1999969482422,1,1,1,1,1,1
119,119,119,119,119,119,119,60.09999847412109,607.5,712.2899780273438,1186.4000244140625,62.0,106.1999969482422,1,1,1,1,1,1
120,120,120,120,120,120,120,60.09999847412109,608.7999877929688,710.1500244140625,1183.800048828125,62.0,106.5999984741211,1,1,1,1,1,1
121,121,121,121,121,121,121,60.09999847412109,609.9000244140625,710.1500244140625,1181.5,62.0,107.0,1,1,1,1,1,1
122,122,122,122,122,122,122,60.20000076293945,610.2000122070312,710.4400024414062,1182.5999755859375,61.900001525878906,107.0999984741211,1,1,1,1,1,1
123,123,123,123,123,123,123,60.20000076293945,610.0999755859375,709.1599731445312,1184.300048828125,62.0,107.0999984741211,1,1,1,1,1,1
124,124,124,124,124,124,124,60.20000076293945,609.9000244140625,708.1599731445312,1185.4000244140625,62.0,107.1999969482422,1,1,1,1,1,1
125,125,125,125,125,125,125,60.20000076293945,603.0,708.1599731445312,1183.5999755859375,62.0,107.4000015258789,1,1,1,1,1,1
126,126,126,126,126,126,126,60.20000076293945,605.0,707.8800048828125,1185.4000244140625,62.0,107.4000015258789,1,1,1,1,1,1
127,127,127,127,127,127,127,60.09999847412109,602.4000244140625,707.1699829101562,1190.0,62.0,107.0999984741211,1,1,1,1,1,1
128,128,128,128,128,128,128,60.09999847412109,602.5999755859375,706.4600219726562,1186.0999755859375,62.0,107.4000015258789,1,1,1,1,1,1
129,129,129,129,129,129,129,60.09999847412109,602.7999877929688,706.4600219726562,1186.199951171875,62.0,107.5,1,1,1,1,1,1
130,130,130,130,130,130,130,60.20000076293945,603.5999755859375,706.4600219726562,1185.300048828125,62.0,107.6999969482422,1,1,1,1,1,1
131,131,131,131,131,131,131,60.20000076293945,603.5,705.5999755859375,1185.5,62.0,108.0,1,1,1,1,1,1
132,132,132,132,132,132,132,60.20000076293945,603.0999755859375,704.6099853515625,1184.0,62.0,107.9000015258789,1,1,1,1,1,1
133,133,133,133,133,133,133,60.20000076293945,603.7000122070312,704.6099853515625,1183.5,62.0,108.0999984741211,1,1,1,1,1,1
134,134,134,134,134,134,134,60.20000076293945,595.2000122070312,704.75,1197.800048828125,62.0,106.9000015258789,1,1,1,1,1,1
135,135,135,135,135,135,135,60.20000076293945,593.5,704.0399780273438,1201.0999755859375,62.0,106.5,1,1,1,1,1,1
136,136,136,136,136,136,136,60.09999847412109,591.5,703.469970703125,1200.199951171875,62.09999847412109,106.5,1,1,1,1,1,1
137,137,137,137,137,137,137,60.09999847412109,591.9000244140625,703.469970703125,1200.800048828125,62.09999847412109,106.8000030517578,1,1,1,1,1,1
138,138,138,138,138,138,138,60.09999847412109,592.5999755859375,703.469970703125,1199.9000244140625,62.09999847412109,107.0,1,1,1,1,1,1
139,139,139,139,139,139,139,60.0,592.0999755859375,702.9000244140625,1198.5999755859375,62.0,107.0999984741211,-1,1,1,1,1,1
140,140,140,140,140,140,140,60.09999847412109,590.4000244140625,702.469970703125,1200.0,62.09999847412109,107.0999984741211,1,1,1,1,1,1
141,141,141,141,141,141,141,60.09999847412109,592.9000244140625,702.469970703125,1197.4000244140625,62.09999847412109,107.3000030517578,1,1,1,1,1,1
142,142,142,142,142,142,142,60.20000076293945,594.2000122070312,702.760009765625,1196.699951171875,62.09999847412109,107.6999969482422,1,1,1,1,1,1
143,143,143,143,143,143,143,60.20000076293945,594.5,702.3300170898438,1196.800048828125,61.900001525878906,107.9000015258789,1,1,1,1,1,1
144,144,144,144,144,144,144,60.20000076293945,594.2999877929688,701.760009765625,1195.0999755859375,62.0,108.0,1,1,1,1,1,1
145,145,145,145,145,145,145,60.20000076293945,592.0,701.760009765625,1197.800048828125,62.0,108.0999984741211,1,1,1,1,1,1
146,146,146,146,146,146,146,60.20000076293945,592.5,701.760009765625,1195.0,62.0,108.1999969482422,1,1,1,1,1,1
147,147,147,147,147,147,147,60.20000076293945,592.0999755859375,701.3400268554688,1194.800048828125,62.0,108.5,1,1,1,1,1,1
148,148,148,148,148,148,148,60.20000076293945,588.0999755859375,701.3400268554688,1204.5,61.900001525878906,107.0999984741211,1,1,1,1,1,1
149,149,149,149,149,149,149,60.09999847412109,586.7000122070312,701.3400268554688,1204.4000244140625,61.900001525878906,106.6999969482422,1,1,1,1,1,1
150,150,150,150,150,150,150,60.09999847412109,585.9000244140625,701.3400268554688,1203.9000244140625,61.900001525878906,106.6999969482422,1,1,1,1,1,1
151,151,151,151,151,151,151,60.09999847412109,586.2000122070312,700.6199951171875,1202.5999755859375,62.0,106.9000015258789,1,1,1,1,1,1
152,152,152,152,152,152,152,60.09999847412109,586.4000244140625,700.0599975585938,1201.699951171875,61.900001525878906,107.0999984741211,1,1,1,1,1,1
153,153,153,153,153,153,153,60.09999847412109,586.2000122070312,700.0599975585938,1199.800048828125,61.900001525878906,107.0999984741211,1,1,1,1,1,1
154,154,154,154,154,154,154,60.20000076293945,586.5,700.2000122070312,1199.9000244140625,61.900001525878906,107.4000015258789,1,1,1,1,1,1
155,155,155,155,155,155,155,60.20000076293945,586.2999877929688,700.0599975585938,1201.300048828125,62.0,107.3000030517578,1,1,1,1,1,1
156,156,156,156,156,156,156,60.20000076293945,586.5999755859375,699.489990234375,1200.800048828125,61.900001525878906,107.5999984741211,1,1,1,1,1,1
157,157,157,157,157,157,157,60.20000076293945,586.7000122070312,699.489990234375,1198.5999755859375,61.900001525878906,107.5999984741211,1,1,1,1,1,1
158,158,158,158,158,158,158,60.20000076293945,586.7000122070312,699.489990234375,1197.5,61.900001525878906,107.6999969482422,1,1,1,1,1,1
159,159,159,159,159,159,159,60.20000076293945,586.7000122070312,698.780029296875,1198.699951171875,61.900001525878906,107.9000015258789,1,1,1,1,1,1
160,160,160,160,160,160,160,60.09999847412109,586.0,698.3499755859375,1198.5,62.0,107.8000030517578,1,1,1,1,1,1
161,161,161,161,161,161,161,60.09999847412109,585.5999755859375,698.3499755859375,1197.800048828125,62.0,107.9000015258789,1,1,1,1,1,1
162,162,162,162,162,162,162,60.09999847412109,583.0,698.2100219726562,1189.699951171875,62.0,107.8000030517578,1,1,1,1,1,1
163,163,163,163,163,163,163,60.09999847412109,580.2000122070312,697.9199829101562,1195.0999755859375,62.09999847412109,107.5999984741211,1,1,1,1,1,1
164,164,164,164,164,164,164,60.09999847412109,579.2999877929688,697.5,1206.5,62.0,106.4000015258789,1,1,1,1,1,1
165,165,165,165,165,165,165,60.09999847412109,579.2000122070312,697.5,1204.199951171875,62.0,106.0999984741211,1,1,1,1,1,1
166,166,166,166,166,166,166,60.20000076293945,580.2999877929688,697.5,1204.0999755859375,62.0,106.5,1,1,1,1,1,1
167,167,167,167,167,167,167,60.20000076293945,580.2000122070312,697.3499755859375,1204.199951171875,62.09999847412109,106.8000030517578,1,1,1,1,1,1
168,168,168,168,168,168,168,60.20000076293945,579.9000244140625,697.0700073242188,1203.0,62.0,107.0,1,1,1,1,1,1
169,169,169,169,169,169,169,60.20000076293945,580.2000122070312,697.0700073242188,1202.800048828125,62.0,107.1999969482422,1,1,1,1,1,1
170,170,170,170,170,170,170,60.20000076293945,580.2000122070312,696.9299926757812,1200.4000244140625,62.0,107.4000015258789,1,1,1,1,1,1
171,171,171,171,171,171,171,60.20000076293945,579.0999755859375,691.6599731445312,1200.199951171875,61.900001525878906,107.4000015258789,1,1,1,1,1,1
172,172,172,172,172,172,172,60.09999847412109,578.9000244140625,688.1099853515625,1203.5999755859375,61.900001525878906,106.9000015258789,1,1,1,1,1,1
173,173,173,173,173,173,173,60.09999847412109,578.2000122070312,688.1099853515625,1203.0,61.900001525878906,106.8000030517578,1,1,1,1,1,1
174,174,174,174,174,174,174,60.09999847412109,578.5,688.1099853515625,1201.300048828125,61.900001525878906,107.0,1,1,1,1,1,1
175,175,175,175,175,175,175,60.09999847412109,578.0999755859375,686.1199951171875,1202.4000244140625,61.900001525878906,107.0,1,1,1,1,1,1
176,176,176,176,176,176,176,60.09999847412109,578.0999755859375,682.8499755859375,1201.0999755859375,61.900001525878906,106.9000015258789,1,1,1,1,1,1
177,177,177,177,177,177,177,60.09999847412109,575.4000244140625,682.8499755859375,1201.5999755859375,61.900001525878906,106.8000030517578,1,1,1,1,1,1
178,178,178,178,178,178,178,60.20000076293945,578.7000122070312,682.5599975585938,1200.5,61.900001525878906,107.0999984741211,1,1,1,1,1,1
179,179,179,179,179,179,179,60.20000076293945,578.5999755859375,681.280029296875,1199.0999755859375,61.900001525878906,107.1999969482422,1,1,1,1,1,1
180,180,180,180,180,180,180,60.20000076293945,578.7000122070312,679.719970703125,1198.300048828125,61.900001525878906,107.1999969482422,1,1,1,1,1,1
181,181,181,181,181,181,181,60.20000076293945,578.5999755859375,679.719970703125,1196.9000244140625,61.900001525878906,107.0999984741211,1,1,1,1,1,1
182,182,182,182,182,182,182,60.09999847412109,575.4000244140625,679.719970703125,1199.699951171875,61.900001525878906,106.6999969482422,1,1,1,1,1,1
183,183,183,183,183,183,183,60.09999847412109,573.7000122070312,676.8699951171875,1201.4000244140625,61.900001525878906,106.5,1,1,1,1,1,1
184,184,184,184,184,184,184,60.09999847412109,571.7000122070312,676.5900268554688,1209.300048828125,61.900001525878906,106.0999984741211,1,1,1,1,1,1
185,185,185,185,185,185,185,60.09999847412109,571.7999877929688,676.5900268554688,1206.699951171875,61.900001525878906,106.1999969482422,1,1,1,1,1,1
186,186,186,186,186,186,186,60.09999847412109,571.4000244140625,676.5900268554688,1205.800048828125,61.900001525878906,106.4000015258789,1,1,1,1,1,1
187,187,187,187,187,187,187,60.09999847412109,571.4000244140625,675.1699829101562,1203.0999755859375,61.900001525878906,106.1999969482422,1,1,1,1,1,1
188,188,188,188,188,188,188,60.09999847412109,571.2000122070312,674.1699829101562,1205.800048828125,62.0,106.3000030517578,1,1,1,1,1,1
189,189,189,189,189,189,189,60.09999847412109,570.9000244140625,674.1699829101562,1207.0,62.0,105.9000015258789,1,1,1,1,1,1
190,190,190,190,190,190,190,60.09999847412109,570.9000244140625,674.1699829101562,1202.9000244140625,62.0,106.1999969482422,1,1,1,1,1,1
191,191,191,191,191,191,191,60.20000076293945,570.5999755859375,672.8900146484375,1204.5,61.900001525878906,106.3000030517578,1,1,1,1,1,1
192,192,192,192,192,192,192,60.20000076293945,566.4000244140625,672.1799926757812,1210.5999755859375,61.900001525878906,105.5999984741211,1,1,1,1,1,1
193,193,193,193,193,193,193,60.20000076293945,564.2000122070312,672.1799926757812,1208.0999755859375,61.900001525878906,105.4000015258789,1,1,1,1,1,1
194,194,194,194,194,194,194,60.20000076293945,564.5999755859375,672.1799926757812,1208.300048828125,61.900001525878906,105.4000015258789,1,1,1,1,1,1
195,195,195,195,195,195,195,60.09999847412109,565.7999877929688,671.3300170898438,1208.0,61.900001525878906,105.5999984741211,1,1,1,1,1,1
196,196,196,196,196,196,196,60.09999847412109,565.2000122070312,670.469970703125,1206.199951171875,61.900001525878906,105.8000030517578,1,1,1,1,1,1
197,197,197,197,197,197,197,60.09999847412109,565.9000244140625,670.469970703125,1206.4000244140625,61.900001525878906,105.6999969482422,1,1,1,1,1,1
198,198,198,198,198,198,198,60.09999847412109,567.7999877929688,670.469970703125,1206.300048828125,61.900001525878906,106.0,1,1,1,1,1,1
199,199,199,199,199,199,199,60.09999847412109,566.2000122070312,669.6199951171875,1205.5999755859375,62.0,106.1999969482422,1,1,1,1,1,1
200,200,200,200,200,200,200,60.09999847412109,565.7000122070312,669.1900024414062,1206.0999755859375,62.0,106.3000030517578,1,1,1,1,1,1
201,201,201,201,201,201,201,60.09999847412109,567.2999877929688,669.1900024414062,1206.0,62.0,106.4000015258789,1,1,1,1,1,1
202,202,202,202,202,202,202,60.09999847412109,568.2999877929688,669.1900024414062,1206.5999755859375,62.0,106.5999984741211,1,1,1,1,1,1
203,203,203,203,203,203,203,60.20000076293945,567.4000244140625,668.9099731445312,1203.300048828125,62.0,107.0999984741211,1,1,1,1,1,1
204,204,204,204,204,204,204,60.20000076293945,564.2000122070312,668.47998046875,1205.0999755859375,62.0,107.0,1,1,1,1,1,1
205,205,205,205,205,205,205,60.20000076293945,566.5,668.47998046875,1205.0,62.0,106.5999984741211,1,1,1,1,1,1
206,206,206,206,206,206,206,60.20000076293945,563.7000122070312,668.0499877929688,1206.0999755859375,62.0,105.9000015258789,1,1,1,1,1,1
207,207,207,207,207,207,207,60.20000076293945,563.4000244140625,668.6199951171875,1205.699951171875,62.0,106.3000030517578,1,1,1,1,1,1
208,208,208,208,208,208,208,60.20000076293945,563.5999755859375,667.489990234375,1201.0999755859375,62.0,106.8000030517578,1,1,1,1,1,1
209,209,209,209,209,209,209,60.09999847412109,563.2000122070312,667.489990234375,1204.300048828125,62.0,107.0,1,1,1,1,1,1
210,210,210,210,210,210,210,60.09999847412109,560.9000244140625,667.489990234375,1206.9000244140625,62.0,106.0999984741211,1,1,1,1,1,1
211,211,211,211,211,211,211,60.09999847412109,558.7999877929688,667.3400268554688,1207.0999755859375,62.0,106.1999969482422,1,1,1,1,1,1
212,212,212,212,212,212,212,60.09999847412109,558.2000122070312,666.77001953125,1207.5999755859375,62.0,106.1999969482422,1,1,1,1,1,1
213,213,213,213,213,213,213,60.09999847412109,558.0,666.77001953125,1209.800048828125,62.0,106.1999969482422,1,1,1,1,1,1
214,214,214,214,214,214,214,60.20000076293945,561.7999877929688,666.77001953125,1209.0,62.0,106.8000030517578,1,1,1,1,1,1
215,215,215,215,215,215,215,60.20000076293945,561.4000244140625,666.489990234375,1202.4000244140625,61.900001525878906,107.0,1,1,1,1,1,1
216,216,216,216,216,216,216,60.20000076293945,562.0,665.780029296875,1208.0999755859375,62.09999847412109,107.0999984741211,1,1,1,1,1,1
217,217,217,217,217,217,217,60.20000076293945,561.7999877929688,665.780029296875,1206.800048828125,62.09999847412109,107.1999969482422,1,1,1,1,1,1
218,218,218,218,218,218,218,60.20000076293945,561.4000244140625,665.6400146484375,1207.300048828125,62.09999847412109,107.1999969482422,1,1,1,1,1,1
219,219,219,219,219,219,219,60.20000076293945,559.9000244140625,665.9199829101562,1205.5999755859375,62.0,107.4000015258789,1,1,1,1,1,1
220,220,220,220,220,220,220,60.09999847412109,558.0,664.780029296875,1205.199951171875,62.0,107.5999984741211,1,1,1,1,1,1
221,221,221,221,221,221,221,60.09999847412109,557.0999755859375,664.780029296875,1206.4000244140625,62.0,107.6999969482422,1,1,1,1,1,1
222,222,222,222,222,222,222,60.09999847412109,555.7000122070312,664.780029296875,1206.9000244140625,62.0,107.5,1,1,1,1,1,1
223,223,223,223,223,223,223,60.09999847412109,555.2999877929688,665.3499755859375,1206.0,61.900001525878906,107.3000030517578,1,1,1,1,1,1
224,224,224,224,224,224,224,60.09999847412109,554.7999877929688,664.780029296875,1207.699951171875,62.0,107.1999969482422,1,1,1,1,1,1
225,225,225,225,225,225,225,60.09999847412109,554.0,664.780029296875,1209.4000244140625,62.0,107.1999969482422,1,1,1,1,1,1
226,226,226,226,226,226,226,60.20000076293945,555.5,664.780029296875,1206.9000244140625,62.0,107.6999969482422,1,1,1,1,1,1
227,227,227,227,227,227,227,60.20000076293945,555.2999877929688,664.6400146484375,1205.800048828125,62.0,107.6999969482422,1,1,1,1,1,1
228,228,228,228,228,228,228,60.20000076293945,555.0999755859375,663.9299926757812,1206.0999755859375,61.900001525878906,107.6999969482422,1,1,1,1,1,1
229,229,229,229,229,229,229,60.20000076293945,555.4000244140625,663.9299926757812,1203.5,61.900001525878906,108.0999984741211,1,1,1,1,1,1
230,230,230,230,230,230,230,60.20000076293945,554.5999755859375,663.9299926757812,1205.199951171875,61.900001525878906,108.5,1,1,1,1,1,1
231,231,231,231,231,231,231,60.20000076293945,552.7000122070312,663.9299926757812,1204.800048828125,61.900001525878906,108.5,1,1,1,1,1,1
232,232,232,232,232,232,232,60.09999847412109,548.0,664.2100219726562,1206.699951171875,61.900001525878906,108.5,1,1,1,1,1,1
233,233,233,233,233,233,233,60.09999847412109,548.5999755859375,664.2100219726562,1204.699951171875,61.900001525878906,108.5999984741211,1,1,1,1,1,1
234,234,234,234,234,234,234,60.09999847412109,550.2999877929688,664.6400146484375,1204.0,61.900001525878906,108.8000030517578,1,1,1,1,1,1
235,235,235,235,235,235,235,60.09999847412109,549.2999877929688,663.6500244140625,1204.5,61.900001525878906,108.6999969482422,1,1,1,1,1,1
236,236,236,236,236,236,236,60.09999847412109,549.4000244140625,663.3599853515625,1202.300048828125,61.79999923706055,108.8000030517578,1,1,1,1,1,1
237,237,237,237,237,237,237,60.09999847412109,550.2000122070312,663.3599853515625,1201.699951171875,61.79999923706055,109.0999984741211,1,1,1,1,1,1
238,238,238,238,238,238,238,60.20000076293945,552.2000122070312,663.3599853515625,1204.300048828125,61.79999923706055,109.0,1,1,1,1,1,1
239,239,239,239,239,239,239,60.20000076293945,554.4000244140625,663.0800170898438,1201.9000244140625,62.09999847412109,108.6999969482422,1,1,1,1,1,1
240,240,240,240,240,240,240,60.20000076293945,554.7000122070312,663.7899780273438,1202.9000244140625,62.0,109.0999984741211,1,1,1,1,1,1
241,241,241,241,241,241,241,60.20000076293945,551.0999755859375,663.7899780273438,1202.0999755859375,62.0,109.0,1,1,1,1,1,1
242,242,242,242,242,242,242,60.20000076293945,547.5999755859375,663.7899780273438,1207.5,62.0,107.6999969482422,1,1,1,1,1,1
243,243,243,243,243,243,243,60.20000076293945,547.9000244140625,662.9299926757812,1208.800048828125,62.0,107.5,1,1,1,1,1,1
244,244,244,244,244,244,244,60.20000076293945,547.7000122070312,662.3699951171875,1211.5999755859375,62.09999847412109,107.0,1,1,1,1,1,1
245,245,245,245,245,245,245,60.09999847412109,547.5999755859375,662.3699951171875,1211.5,62.09999847412109,107.4000015258789,1,1,1,1,1,1
246,246,246,246,246,246,246,60.09999847412109,547.5,662.3699951171875,1211.699951171875,61.900001525878906,107.4000015258789,1,1,1,1,1,1
247,247,247,247,247,247,247,60.09999847412109,541.2000122070312,662.219970703125,1212.699951171875,62.0,106.9000015258789,1,1,1,1,1,1
248,248,248,248,248,248,248,60.09999847412109,539.7999877929688,661.3699951171875,1213.5999755859375,61.79999923706055,106.5,1,1,1,1,1,1
249,249,249,249,249,249,249,60.09999847412109,539.5,661.3699951171875,1212.800048828125,61.79999923706055,106.8000030517578,1,1,1,1,1,1
250,250,250,250,250,250,250,60.20000076293945,540.0,661.3699951171875,1210.5999755859375,61.900001525878906,107.0,1,1,1,1,1,1
251,251,251,251,251,251,251,60.20000076293945,539.2999877929688,660.3699951171875,1212.199951171875,61.900001525878906,107.0,1,1,1,1,1,1
252,252,252,252,252,252,252,60.20000076293945,539.4000244140625,660.3699951171875,1213.0,62.0,107.3000030517578,1,1,1,1,1,1
253,253,253,253,253,253,253,60.20000076293945,539.5999755859375,660.3699951171875,1213.800048828125,62.0,107.5999984741211,1,1,1,1,1,1
254,254,254,254,254,254,254,60.20000076293945,537.7000122070312,660.3699951171875,1212.0,62.0,107.3000030517578,1,1,1,1,1,1
255,255,255,255,255,255,255,60.20000076293945,532.4000244140625,660.3699951171875,1216.300048828125,61.900001525878906,107.0999984741211,1,1,1,1,1,1
256,256,256,256,256,256,256,60.20000076293945,532.0,660.52001953125,1212.9000244140625,62.0,107.0,1,1,1,1,1,1
257,257,257,257,257,257,257,60.20000076293945,527.4000244140625,660.52001953125,1214.0,62.0,106.4000015258789,1,1,1,1,1,1
258,258,258,258,258,258,258,60.09999847412109,528.9000244140625,660.22998046875,1212.800048828125,62.0,106.4000015258789,1,1,1,1,1,1
259,259,259,259,259,259,259,60.09999847412109,526.2999877929688,660.6599731445312,1213.0,61.900001525878906,106.4000015258789,1,1,1,1,1,1
260,260,260,260,260,260,260,60.09999847412109,525.2000122070312,660.22998046875,1215.199951171875,62.0,106.1999969482422,1,1,1,1,1,1
261,261,261,261,261,261,261,60.09999847412109,524.0999755859375,660.22998046875,1216.199951171875,62.0,106.5999984741211,1,1,1,1,1,1
262,262,262,262,262,262,262,60.20000076293945,524.2000122070312,659.6599731445312,1215.300048828125,62.0,106.5,1,1,1,1,1,1
263,263,263,263,263,263,263,60.20000076293945,523.2000122070312,660.6599731445312,1216.9000244140625,61.900001525878906,106.5999984741211,1,1,1,1,1,1
264,264,264,264,264,264,264,60.20000076293945,523.0999755859375,660.22998046875,1217.5999755859375,61.900001525878906,106.8000030517578,1,1,1,1,1,1
265,265,265,265,265,265,265,60.20000076293945,520.9000244140625,660.22998046875,1218.5999755859375,61.900001525878906,106.9000015258789,1,1,1,1,1,1
266,266,266,266,266,266,266,60.20000076293945,516.2000122070312,660.22998046875,1222.800048828125,61.900001525878906,107.4000015258789,1,1,1,1,1,1
267,267,267,267,267,267,267,60.20000076293945,516.5999755859375,659.9500122070312,1221.800048828125,61.900001525878906,107.5999984741211,1,1,1,1,1,1
268,268,268,268,268,268,268,60.20000076293945,516.0999755859375,659.3800048828125,1223.300048828125,62.0,107.8000030517578,1,1,1,1,1,1
269,269,269,269,269,269,269,60.09999847412109,514.9000244140625,659.3800048828125,1219.699951171875,62.0,107.5,1,1,1,1,1,1
270,270,270,270,270,270,270,60.09999847412109,514.5,659.3800048828125,1217.800048828125,62.0,107.5,1,1,1,1,1,1
271,271,271,271,271,271,271,60.09999847412109,512.2999877929688,659.3800048828125,1221.699951171875,61.900001525878906,107.5,1,1,1,1,1,1
272,272,272,272,272,272,272,60.09999847412109,510.7000122070313,658.9500122070312,1219.699951171875,61.900001525878906,107.8000030517578,1,1,1,1,1,1
273,273,273,273,273,273,273,60.09999847412109,509.6000061035156,658.9500122070312,1220.5,61.900001525878906,108.0,1,1,1,1,1,1
274,274,274,274,274,274,274,60.20000076293945,508.7999877929688,658.9500122070312,1218.9000244140625,61.900001525878906,108.0999984741211,1,1,1,1,1,1
275,275,275,275,275,275,275,60.20000076293945,507.2000122070313,658.6699829101562,1226.300048828125,62.0,108.0,1,1,1,1,1,1
276,276,276,276,276,276,276,60.20000076293945,507.5,658.52001953125,1227.0,62.0,108.0,1,1,1,1,1,1
277,277,277,277,277,277,277,60.20000076293945,507.1000061035156,658.52001953125,1226.0,62.0,108.0999984741211,1,1,1,1,1,1
278,278,278,278,278,278,278,60.20000076293945,507.2000122070313,658.8099975585938,1224.9000244140625,62.0,108.1999969482422,1,1,1,1,1,1
279,279,279,279,279,279,279,60.20000076293945,505.2000122070313,658.239990234375,1223.699951171875,61.79999923706055,108.3000030517578,1,1,1,1,1,1
280,280,280,280,280,280,280,60.09999847412109,504.7000122070313,657.8099975585938,1223.4000244140625,62.0,108.0,1,1,1,1,1,1
281,281,281,281,281,281,281,60.09999847412109,502.2000122070313,657.8099975585938,1223.9000244140625,62.0,107.8000030517578,1,1,1,1,1,1
282,282,282,282,282,282,282,60.09999847412109,503.2000122070313,657.8099975585938,1222.4000244140625,62.0,107.6999969482422,1,1,1,1,1,1
283,283,283,283,283,283,283,60.09999847412109,504.2000122070313,657.6699829101562,1222.199951171875,62.0,107.6999969482422,1,1,1,1,1,1
284,284,284,284,284,284,284,60.09999847412109,501.3999938964844,657.8099975585938,1222.699951171875,61.900001525878906,107.6999969482422,1,1,1,1,1,1
285,285,285,285,285,285,285,60.09999847412109,501.0,657.8099975585938,1224.300048828125,61.900001525878906,107.5,1,1,1,1,1,1
286,286,286,286,286,286,286,60.20000076293945,501.0,657.8099975585938,1223.300048828125,61.900001525878906,107.5999984741211,1,1,1,1,1,1
287,287,287,287,287,287,287,60.20000076293945,501.2000122070313,657.3900146484375,1225.5,61.900001525878906,107.5,1,1,1,1,1,1
288,288,288,288,288,288,288,60.20000076293945,500.7999877929688,657.239990234375,1224.800048828125,62.0,107.4000015258789,1,1,1,1,1,1
289,289,289,289,289,289,289,60.20000076293945,500.7999877929688,657.239990234375,1220.800048828125,62.0,107.5999984741211,1,1,1,1,1,1
290,290,290,290,290,290,290,60.20000076293945,500.7999877929688,657.8099975585938,1220.5999755859375,62.0,107.5999984741211,1,1,1,1,1,1
291,291,291,291,291,291,291,60.20000076293945,501.0,657.239990234375,1223.300048828125,61.900001525878906,107.5999984741211,1,1,1,1,1,1
292,292,292,292,292,292,292,60.20000076293945,500.7999877929688,656.9600219726562,1222.9000244140625,62.0,107.5999984741211,1,1,1,1,1,1
293,293,293,293,293,293,293,60.20000076293945,500.6000061035156,656.9600219726562,1222.4000244140625,62.0,107.5999984741211,1,1,1,1,1,1
294,294,294,294,294,294,294,60.09999847412109,500.6000061035156,656.9600219726562,1224.0999755859375,62.0,107.5999984741211,1,1,1,1,1,1
295,295,295,295,295,295,295,60.09999847412109,498.7999877929688,656.6799926757812,1224.699951171875,61.900001525878906,107.5999984741211,1,1,1,1,1,1
296,296,296,296,296,296,296,60.09999847412109,499.8999938964844,656.530029296875,1223.0999755859375,62.0,107.4000015258789,1,1,1,1,1,1
297,297,297,297,297,297,297,60.09999847412109,500.6000061035156,656.530029296875,1224.0999755859375,62.0,107.5999984741211,1,1,1,1,1,1
298,298,298,298,298,298,298,60.20000076293945,500.2000122070313,656.530029296875,1224.699951171875,62.0,107.5999984741211,1,1,1,1,1,1
299,299,299,299,299,299,299,60.20000076293945,498.1000061035156,656.9600219726562,1222.9000244140625,61.900001525878906,107.5,1,1,1,1,1,1
300,300,300,300,300,300,300,60.20000076293945,499.8999938964844,657.239990234375,1222.0,62.0,107.5999984741211,1,1,1,1,1,1
301,301,301,301,301,301,301,60.20000076293945,500.2999877929688,657.239990234375,1222.800048828125,62.0,107.5,1,1,1,1,1,1
302,302,302,302,302,302,302,60.20000076293945,500.2999877929688,656.9600219726562,1220.699951171875,62.0,107.6999969482422,1,1,1,1,1,1
303,303,303,303,303,303,303,60.20000076293945,500.2999877929688,656.530029296875,1221.4000244140625,61.900001525878906,107.6999969482422,1,1,1,1,1,1
304,304,304,304,304,304,304,60.20000076293945,499.7999877929688,656.3900146484375,1218.5,61.900001525878906,107.8000030517578,1,1,1,1,1,1
305,305,305,305,305,305,305,60.09999847412109,498.2999877929688,656.3900146484375,1222.0999755859375,61.900001525878906,107.6999969482422,1,1,1,1,1,1
306,306,306,306,306,306,306,60.09999847412109,495.2999877929688,656.3900146484375,1221.9000244140625,61.900001525878906,107.5,1,1,1,1,1,1
307,307,307,307,307,307,307,60.09999847412109,495.8999938964844,656.3900146484375,1220.0999755859375,61.900001525878906,107.5,1,1,1,1,1,1
308,308,308,308,308,308,308,60.09999847412109,493.6000061035156,656.25,1219.5999755859375,61.900001525878906,107.5,1,1,1,1,1,1
309,309,309,309,309,309,309,60.09999847412109,494.1000061035156,656.25,1219.699951171875,61.900001525878906,107.5,1,1,1,1,1,1
310,310,310,310,310,310,310,60.20000076293945,495.0,656.25,1219.4000244140625,61.900001525878906,107.6999969482422,1,1,1,1,1,1
311,311,311,311,311,311,311,60.20000076293945,493.2999877929688,656.530029296875,1220.0999755859375,61.900001525878906,107.8000030517578,1,1,1,1,1,1
312,312,312,312,312,312,312,60.20000076293945,493.8999938964844,656.6799926757812,1220.0,61.900001525878906,107.8000030517578,1,1,1,1,1,1
313,313,313,313,313,313,313,60.20000076293945,496.0,656.6799926757812,1218.4000244140625,61.900001525878906,107.8000030517578,1,1,1,1,1,1
314,314,314,314,314,314,314,60.20000076293945,496.6000061035156,656.6799926757812,1216.699951171875,61.900001525878906,107.8000030517578,1,1,1,1,1,1
315,315,315,315,315,315,315,60.20000076293945,496.7999877929688,656.1099853515625,1219.800048828125,62.09999847412109,107.8000030517578,1,1,1,1,1,1
316,316,316,316,316,316,316,60.20000076293945,494.2000122070313,655.9600219726562,1217.0999755859375,61.900001525878906,107.8000030517578,1,1,1,1,1,1
317,317,317,317,317,317,317,60.09999847412109,494.1000061035156,655.9600219726562,1218.9000244140625,61.900001525878906,107.9000015258789,1,1,1,1,1,1
318,318,318,318,318,318,318,60.09999847412109,493.2000122070313,655.9600219726562,1218.300048828125,61.900001525878906,107.9000015258789,1,1,1,1,1,1
319,319,319,319,319,319,319,60.09999847412109,493.1000061035156,655.6799926757812,1220.4000244140625,62.0,108.0,1,1,1,1,1,1
320,320,320,320,320,320,320,60.09999847412109,493.0,655.4000244140625,1219.5999755859375,61.900001525878906,107.9000015258789,1,1,1,1,1,1
321,321,321,321,321,321,321,60.09999847412109,493.3999938964844,655.4000244140625,1220.9000244140625,61.900001525878906,108.1999969482422,1,1,1,1,1,1
322,322,322,322,322,322,322,60.20000076293945,493.2000122070313,655.25,1221.199951171875,61.900001525878906,107.9000015258789,1,1,1,1,1,1
323,323,323,323,323,323,323,60.20000076293945,493.1000061035156,655.5399780273438,1219.9000244140625,61.900001525878906,107.9000015258789,1,1,1,1,1,1
324,324,324,324,324,324,324,60.20000076293945,493.2000122070313,654.6799926757812,1218.0999755859375,61.900001525878906,108.0999984741211,1,1,1,1,1,1
325,325,325,325,325,325,325,60.20000076293945,492.8999938964844,654.6799926757812,1220.699951171875,61.900001525878906,108.1999969482422,1,1,1,1,1,1
326,326,326,326,326,326,326,60.20000076293945,491.5,654.6799926757812,1227.800048828125,61.900001525878906,108.0,1,1,1,1,1,1
327,327,327,327,327,327,327,60.20000076293945,488.1000061035156,654.6799926757812,1227.199951171875,61.900001525878906,108.0,1,1,1,1,1,1
328,328,328,328,328,328,328,60.20000076293945,486.8999938964844,654.969970703125,1227.4000244140625,61.900001525878906,108.0,1,1,1,1,1,1
329,329,329,329,329,329,329,60.09999847412109,487.7000122070313,654.969970703125,1227.300048828125,61.900001525878906,107.8000030517578,1,1,1,1,1,1
330,330,330,330,330,330,330,60.09999847412109,486.0,654.969970703125,1227.199951171875,61.900001525878906,107.9000015258789,1,1,1,1,1,1
331,331,331,331,331,331,331,60.09999847412109,485.7999877929688,654.969970703125,1225.699951171875,61.900001525878906,108.0,1,1,1,1,1,1
332,332,332,332,332,332,332,60.09999847412109,485.6000061035156,654.5399780273438,1224.0999755859375,62.0,108.0,1,1,1,1,1,1
333,333,333,333,333,333,333,60.09999847412109,486.1000061035156,654.5399780273438,1222.5999755859375,62.0,107.9000015258789,1,1,1,1,1,1
334,334,334,334,334,334,334,60.20000076293945,486.7999877929688,654.5399780273438,1225.699951171875,62.0,108.0,1,1,1,1,1,1
335,335,335,335,335,335,335,60.20000076293945,486.0,654.5399780273438,1223.0999755859375,61.900001525878906,107.9000015258789,1,1,1,1,1,1
336,336,336,336,336,336,336,60.20000076293945,485.7000122070313,654.8300170898438,1224.699951171875,62.0,107.9000015258789,1,1,1,1,1,1
337,337,337,337,337,337,337,60.20000076293945,486.2000122070313,654.8300170898438,1225.800048828125,62.0,107.9000015258789,1,1,1,1,1,1
338,338,338,338,338,338,338,60.20000076293945,485.3999938964844,654.969970703125,1224.800048828125,62.0,107.5999984741211,1,1,1,1,1,1
339,339,339,339,339,339,339,60.20000076293945,485.7999877929688,654.6799926757812,1226.300048828125,61.900001525878906,107.6999969482422,1,1,1,1,1,1
340,340,340,340,340,340,340,60.09999847412109,476.6000061035156,654.969970703125,1252.300048828125,61.900001525878906,110.3000030517578,1,1,1,1,1,1
341,341,341,341,341,341,341,60.09999847412109,474.1000061035156,654.969970703125,1246.9000244140625,61.900001525878906,110.4000015258789,1,-1,1,1,1,1
342,342,342,342,342,342,342,60.09999847412109,471.2999877929688,654.5399780273438,1251.9000244140625,61.900001525878906,110.3000030517578,1,-1,1,1,1,1
343,343,343,343,343,343,343,60.09999847412109,469.3999938964844,654.8300170898438,1247.5999755859375,61.900001525878906,110.0,1,1,1,1,1,1
344,344,344,344,344,344,344,60.0,469.2999877929688,653.969970703125,1246.0,61.900001525878906,110.0999984741211,-1,1,1,1,1,1
345,345,345,345,345,345,345,60.09999847412109,469.2999877929688,653.969970703125,1246.5,61.900001525878906,110.0,1,1,1,1,1,1
346,346,346,346,346,346,346,60.20000076293945,469.2999877929688,653.969970703125,1247.5999755859375,61.900001525878906,110.1999969482422,1,1,1,1,1,1
347,347,347,347,347,347,347,60.20000076293945,469.1000061035156,654.5399780273438,1248.5999755859375,61.900001525878906,109.9000015258789,1,1,1,1,1,1
348,348,348,348,348,348,348,60.20000076293945,469.1000061035156,654.5399780273438,1243.699951171875,61.79999923706055,109.6999969482422,1,1,1,1,1,1
349,349,349,349,349,349,349,60.20000076293945,468.6000061035156,654.5399780273438,1242.800048828125,61.79999923706055,109.6999969482422,1,-1,1,1,1,1
350,350,350,350,350,350,350,60.09999847412109,653.2000122070312,1583.300048828125,1252.300048828125,62.0,107.6999969482422,1,-1,1,1,1,1
351,351,351,351,351,351,351,60.09999847412109,655.2999877929688,1575.699951171875,1251.9000244140625,62.0,107.9000015258789,1,-1,1,1,1,1
352,352,352,352,352,352,352,60.09999847412109,657.5999755859375,1589.699951171875,1248.5999755859375,62.0,108.0999984741211,1,-1,-1,1,1,1
353,353,353,353,353,353,353,60.09999847412109,657.0,1587.4000244140625,1247.5999755859375,62.09999847412109,108.0,1,-1,-1,1,1,1
354,354,354,354,354,354,354,60.09999847412109,657.0,1584.5,1247.5999755859375,62.09999847412109,108.0999984741211,1,-1,1,1,1,1
355,355,355,355,355,355,355,60.09999847412109,656.5999755859375,1583.300048828125,1246.9000244140625,62.09999847412109,107.9000015258789,1,-1,1,1,1,1
356,356,356,356,356,356,356,60.0,654.2000122070312,1577.699951171875,1246.5,62.0,107.9000015258789,-1,1,1,1,1,1
357,357,357,357,357,357,357,60.09999847412109,643.2000122070312,1553.300048828125,1246.0,62.0,107.3000030517578,1,1,1,1,1,1
358,358,358,358,358,358,358,60.20000076293945,645.5,1554.199951171875,1243.699951171875,62.0,107.4000015258789,1,1,1,1,1,1
359,359,359,359,359,359,359,60.20000076293945,648.7999877929688,1552.800048828125,1242.800048828125,62.0,107.6999969482422,1,1,1,1,1,1
360,360,360,360,360,360,360,60.20000076293945,649.2000122070312,1567.5,1227.800048828125,62.0,108.0,1,1,1,1,1,1
361,361,361,361,361,361,361,60.20000076293945,648.9000244140625,1582.5999755859375,1227.4000244140625,62.0,108.4000015258789,1,1,1,1,1,1
362,362,362,362,362,362,362,60.20000076293945,644.9000244140625,1580.300048828125,1227.300048828125,62.0,108.3000030517578,1,1,1,1,1,1
363,363,363,363,363,363,363,60.20000076293945,642.5,1579.699951171875,1227.199951171875,62.0,108.0,1,1,1,1,1,1
364,364,364,364,364,364,364,60.09999847412109,641.7999877929688,1577.4000244140625,1227.199951171875,62.20000076293945,107.4000015258789,1,1,1,1,-1,1
365,365,365,365,365,365,365,60.09999847412109,642.0,1576.199951171875,1227.0,62.0,107.5999984741211,1,1,1,1,1,1
366,366,366,366,366,366,366,60.09999847412109,640.2999877929688,1572.4000244140625,1226.300048828125,62.0,107.6999969482422,1,1,1,1,1,1
367,367,367,367,367,367,367,60.09999847412109,641.2999877929688,1574.300048828125,1226.300048828125,62.0,108.1999969482422,1,1,1,1,1,1
368,368,368,368,368,368,368,60.09999847412109,641.5,1575.699951171875,1226.0,62.0,108.5,1,1,1,1,1,1
369,369,369,369,369,369,369,60.09999847412109,641.4000244140625,1575.300048828125,1225.800048828125,62.0,108.8000030517578,1,1,1,1,1,1
370,370,370,370,370,370,370,60.09999847412109,640.2000122070312,1574.699951171875,1225.699951171875,62.0,108.6999969482422,1,1,1,1,1,1
371,371,371,371,371,371,371,60.20000076293945,629.7999877929688,1564.9000244140625,1225.699951171875,62.0,107.8000030517578,1,1,1,1,1,1
372,372,372,372,372,372,372,60.20000076293945,632.9000244140625,1564.0,1225.5,62.09999847412109,108.3000030517578,1,1,1,1,1,1
373,373,373,373,373,373,373,60.20000076293945,633.7000122070312,1569.800048828125,1224.9000244140625,61.900001525878906,108.4000015258789,1,1,1,1,1,1
374,374,374,374,374,374,374,60.20000076293945,633.7000122070312,1576.699951171875,1224.800048828125,61.900001525878906,108.3000030517578,1,1,1,1,1,1
375,375,375,375,375,375,375,60.09999847412109,633.9000244140625,1577.199951171875,1224.800048828125,61.900001525878906,108.4000015258789,1,1,1,1,1,1
376,376,376,376,376,376,376,60.09999847412109,633.4000244140625,1576.9000244140625,1224.699951171875,62.0,108.0,1,1,1,1,1,1
377,377,377,377,377,377,377,60.09999847412109,633.4000244140625,1574.699951171875,1224.699951171875,61.900001525878906,107.9000015258789,1,1,1,1,1,1
378,378,378,378,378,378,378,60.09999847412109,627.2000122070312,1571.699951171875,1224.699951171875,61.900001525878906,107.5,1,1,1,1,1,1
379,379,379,379,379,379,379,60.09999847412109,608.0,1550.5999755859375,1224.300048828125,61.900001525878906,106.1999969482422,1,1,1,1,1,1
380,380,380,380,380,380,380,60.09999847412109,607.5,1554.199951171875,1224.0999755859375,62.0,106.1999969482422,1,1,1,1,1,1
381,381,381,381,381,381,381,60.09999847412109,608.7999877929688,1556.300048828125,1224.0999755859375,62.0,106.5999984741211,1,1,1,1,1,1
382,382,382,382,382,382,382,60.09999847412109,609.9000244140625,1558.4000244140625,1224.0999755859375,62.0,107.0,1,1,1,1,1,1
383,383,383,383,383,383,383,60.20000076293945,610.2000122070312,1581.0,1223.9000244140625,61.900001525878906,107.0999984741211,1,1,1,1,1,1
384,384,384,384,384,384,384,60.20000076293945,610.0999755859375,1606.300048828125,1223.699951171875,62.0,107.0999984741211,1,1,-1,1,1,1
385,385,385,385,385,385,385,60.20000076293945,609.9000244140625,1602.5,1223.4000244140625,62.0,107.1999969482422,1,1,-1,1,1,1
386,386,386,386,386,386,386,60.20000076293945,603.0,1597.0,1223.300048828125,62.0,107.4000015258789,1,1,-1,1,1,1
387,387,387,387,387,387,387,60.20000076293945,605.0,1600.4000244140625,1223.300048828125,62.0,107.4000015258789,1,1,-1,1,1,1
388,388,388,388,388,388,388,60.09999847412109,602.4000244140625,1593.300048828125,1223.300048828125,62.0,107.0999984741211,1,1,-1,1,1,1
389,389,389,389,389,389,389,60.09999847412109,602.5999755859375,1586.5999755859375,1223.0999755859375,62.0,107.4000015258789,1,1,-1,1,1,1
390,390,390,390,390,390,390,60.09999847412109,602.7999877929688,1585.800048828125,1223.0999755859375,62.0,107.5,1,1,-1,1,1,1
391,391,391,391,391,391,391,60.20000076293945,603.5999755859375,1592.800048828125,1222.9000244140625,62.0,107.6999969482422,1,1,-1,1,1,1
392,392,392,392,392,392,392,60.20000076293945,603.5,1600.0,1222.9000244140625,62.0,108.0,1,1,-1,1,1,1
393,393,393,393,393,393,393,60.20000076293945,603.0999755859375,1604.0,1222.800048828125,62.0,107.9000015258789,1,1,-1,1,1,1
394,394,394,394,394,394,394,60.20000076293945,603.7000122070312,1599.4000244140625,1222.800048828125,62.0,108.0999984741211,1,1,-1,1,1,1
395,395,395,395,395,395,395,60.20000076293945,595.2000122070312,1575.5,1222.699951171875,62.0,106.9000015258789,1,1,1,1,1,1
396,396,396,396,396,396,396,60.20000076293945,593.5,1577.300048828125,1222.5999755859375,62.0,106.5,1,1,1,1,1,1
397,397,397,397,397,397,397,60.09999847412109,591.5,1576.0,1222.4000244140625,62.09999847412109,106.5,1,1,1,1,1,1
398,398,398,398,398,398,398,60.09999847412109,591.9000244140625,1576.199951171875,1222.4000244140625,62.09999847412109,106.8000030517578,1,1,1,1,1,1
399,399,399,399,399,399,399,60.09999847412109,592.5999755859375,1574.9000244140625,1222.199951171875,62.09999847412109,107.0,1,1,1,1,1,1
400,400,400,400,400,400,400,60.0,592.0999755859375,1573.9000244140625,1222.0999755859375,62.0,107.0999984741211,-1,1,1,1,1,1
401,401,401,401,401,401,401,60.09999847412109,590.4000244140625,1578.5999755859375,1222.0,62.09999847412109,107.0999984741211,1,1,1,1,1,1
402,402,402,402,402,402,402,60.09999847412109,592.9000244140625,1573.9000244140625,1221.9000244140625,62.09999847412109,107.3000030517578,1,1,1,1,1,1
403,403,403,403,403,403,403,60.20000076293945,594.2000122070312,1570.5,1221.800048828125,62.09999847412109,107.6999969482422,1,1,1,1,1,1
404,404,404,404,404,404,404,60.20000076293945,594.5,1573.9000244140625,1221.699951171875,61.900001525878906,107.9000015258789,1,1,1,1,1,1
405,405,405,405,405,405,405,60.20000076293945,594.2999877929688,1574.4000244140625,1221.4000244140625,62.0,108.0,1,1,1,1,1,1
406,406,406,406,406,406,406,60.20000076293945,592.0,1571.300048828125,1221.199951171875,62.0,108.0999984741211,1,1,1,1,1,1
407,407,407,407,407,407,407,60.20000076293945,592.5,1573.300048828125,1220.9000244140625,62.0,108.1999969482422,1,1,1,1,1,1
408,408,408,408,408,408,408,60.20000076293945,592.0999755859375,1575.0999755859375,1220.800048828125,62.0,108.5,1,1,1,1,1,1
409,409,409,409,409,409,409,60.20000076293945,588.0999755859375,1566.800048828125,1220.699951171875,61.900001525878906,107.0999984741211,1,1,1,1,1,1
410,410,410,410,410,410,410,60.09999847412109,586.7000122070312,1569.0,1220.699951171875,61.900001525878906,106.6999969482422,1,1,1,1,1,1
411,411,411,411,411,411,411,60.09999847412109,585.9000244140625,1571.300048828125,1220.5999755859375,61.900001525878906,106.6999969482422,1,1,1,1,1,1
412,412,412,412,412,412,412,60.09999847412109,586.2000122070312,1569.5,1220.5,62.0,106.9000015258789,1,1,1,1,1,1
413,413,413,413,413,413,413,60.09999847412109,586.4000244140625,1567.800048828125,1220.4000244140625,61.900001525878906,107.0999984741211,1,1,1,1,1,1
414,414,414,414,414,414,414,60.09999847412109,586.2000122070312,1565.5,1220.0999755859375,61.900001525878906,107.0999984741211,1,1,1,1,1,1
415,415,415,415,415,415,415,60.20000076293945,586.5,1566.300048828125,1220.0999755859375,61.900001525878906,107.4000015258789,1,1,1,1,1,1
416,416,416,416,416,416,416,60.20000076293945,586.2999877929688,1564.800048828125,1220.0,62.0,107.3000030517578,1,1,1,1,1,1
417,417,417,417,417,417,417,60.20000076293945,586.5999755859375,1565.9000244140625,1219.9000244140625,61.900001525878906,107.5999984741211,1,1,1,1,1,1
418,418,418,418,418,418,418,60.20000076293945,586.7000122070312,1563.0999755859375,1219.800048828125,61.900001525878906,107.5999984741211,1,1,1,1,1,1
419,419,419,419,419,419,419,60.20000076293945,586.7000122070312,1568.5999755859375,1219.699951171875,61.900001525878906,107.6999969482422,1,1,1,1,1,1
420,420,420,420,420,420,420,60.20000076293945,586.7000122070312,1568.300048828125,1219.699951171875,61.900001525878906,107.9000015258789,1,1,1,1,1,1
421,421,421,421,421,421,421,60.09999847412109,586.0,1569.0999755859375,1219.699951171875,62.0,107.8000030517578,1,1,1,1,1,1
422,422,422,422,422,422,422,60.09999847412109,585.5999755859375,1567.0999755859375,1219.5999755859375,62.0,107.9000015258789,1,1,1,1,1,1
423,423,423,423,423,423,423,60.09999847412109,583.0,1558.699951171875,1219.5999755859375,62.0,107.8000030517578,1,1,1,1,1,1
424,424,424,424,424,424,424,60.09999847412109,580.2000122070312,1554.4000244140625,1219.4000244140625,62.09999847412109,107.5999984741211,1,1,1,1,1,1
425,425,425,425,425,425,425,60.09999847412109,579.2999877929688,1552.5,1218.9000244140625,62.0,106.4000015258789,1,1,1,1,1,1
426,426,426,426,426,426,426,60.09999847412109,579.2000122070312,1556.5999755859375,1218.9000244140625,62.0,106.0999984741211,1,1,1,1,1,1
427,427,427,427,427,427,427,60.20000076293945,580.2999877929688,1554.9000244140625,1218.5999755859375,62.0,106.5,1,1,1,1,1,1
428,428,428,428,428,428,428,60.20000076293945,580.2000122070312,1551.800048828125,1218.5,62.09999847412109,106.8000030517578,1,1,1,1,1,1
429,429,429,429,429,429,429,60.20000076293945,579.9000244140625,1552.0999755859375,1218.4000244140625,62.0,107.0,1,1,1,1,1,1
430,430,430,430,430,430,430,60.20000076293945,580.2000122070312,1554.5,1218.300048828125,62.0,107.1999969482422,1,1,1,1,1,1
431,431,431,431,431,431,431,60.20000076293945,580.2000122070312,1554.4000244140625,1218.0999755859375,62.0,107.4000015258789,1,1,1,1,1,1
432,432,432,432,432,432,432,60.20000076293945,579.0999755859375,1553.0999755859375,1217.800048828125,61.900001525878906,107.4000015258789,1,1,1,1,1,1
433,433,433,433,433,433,433,60.09999847412109,578.9000244140625,1550.5,1217.5999755859375,61.900001525878906,106.9000015258789,1,1,1,1,1,1
434,434,434,434,434,434,434,60.09999847412109,578.2000122070312,1546.699951171875,1217.0999755859375,61.900001525878906,106.8000030517578,1,1,1,1,1,1
435,435,435,435,435,435,435,60.09999847412109,578.5,1547.5,1216.9000244140625,61.900001525878906,107.0,1,1,1,1,1,1
436,436,436,436,436,436,436,60.09999847412109,578.0999755859375,1549.9000244140625,1216.699951171875,61.900001525878906,107.0,1,1,1,1,1,1
437,437,437,437,437,437,437,60.09999847412109,578.0999755859375,1545.699951171875,1216.300048828125,61.900001525878906,106.9000015258789,1,1,1,1,1,1
438,438,438,438,438,438,438,60.09999847412109,575.4000244140625,1549.0999755859375,1216.199951171875,61.900001525878906,106.8000030517578,1,1,1,1,1,1
439,439,439,439,439,439,439,60.20000076293945,578.7000122070312,1544.0,1215.300048828125,61.900001525878906,107.0999984741211,1,1,1,1,1,1
440,440,440,440,440,440,440,60.20000076293945,578.5999755859375,1543.699951171875,1215.199951171875,61.900001525878906,107.1999969482422,1,1,1,1,1,1
441,441,441,441,441,441,441,60.20000076293945,578.7000122070312,1545.9000244140625,1214.0,61.900001525878906,107.1999969482422,1,1,1,1,1,1
442,442,442,442,442,442,442,60.20000076293945,578.5999755859375,1545.0999755859375,1213.800048828125,61.900001525878906,107.0999984741211,1,1,1,1,1,1
443,443,443,443,443,443,443,60.09999847412109,575.4000244140625,1539.0,1213.5999755859375,61.900001525878906,106.6999969482422,1,1,1,1,1,1
444,444,444,444,444,444,444,60.09999847412109,573.7000122070312,1538.5,1213.0,61.900001525878906,106.5,1,1,1,1,1,1
445,445,445,445,445,445,445,60.09999847412109,571.7000122070312,1538.0,1213.0,61.900001525878906,106.0999984741211,1,1,1,1,1,1
446,446,446,446,446,446,446,60.09999847412109,571.7999877929688,1540.0,1212.9000244140625,61.900001525878906,106.1999969482422,1,1,1,1,1,1
447,447,447,447,447,447,447,60.09999847412109,571.4000244140625,1542.800048828125,1212.800048828125,61.900001525878906,106.4000015258789,1,1,1,1,1,1
448,448,448,448,448,448,448,60.09999847412109,571.4000244140625,1542.5999755859375,1212.800048828125,61.900001525878906,106.1999969482422,1,1,1,1,1,1
449,449,449,449,449,449,449,60.09999847412109,571.2000122070312,1542.5,1212.699951171875,62.0,106.3000030517578,1,1,1,1,1,1
450,450,450,450,450,450,450,60.09999847412109,570.9000244140625,1540.5999755859375,1212.199951171875,62.0,105.9000015258789,1,1,1,1,1,1
451,451,451,451,451,451,451,60.09999847412109,570.9000244140625,1536.300048828125,1212.0,62.0,106.1999969482422,1,1,1,1,1,1
452,452,452,452,452,452,452,60.20000076293945,570.5999755859375,1537.4000244140625,1211.699951171875,61.900001525878906,106.3000030517578,1,1,1,1,1,1
453,453,453,453,453,453,453,60.20000076293945,566.4000244140625,1537.199951171875,1211.5999755859375,61.900001525878906,105.5999984741211,1,1,1,1,1,1
454,454,454,454,454,454,454,60.20000076293945,564.2000122070312,1537.4000244140625,1211.5,61.900001525878906,105.4000015258789,1,1,1,1,1,1
455,455,455,455,455,455,455,60.20000076293945,564.5999755859375,1537.800048828125,1210.5999755859375,61.900001525878906,105.4000015258789,1,1,1,1,1,1
456,456,456,456,456,456,456,60.09999847412109,565.7999877929688,1537.199951171875,1210.5999755859375,61.900001525878906,105.5999984741211,1,1,1,1,1,1
457,457,457,457,457,457,457,60.09999847412109,565.2000122070312,1538.699951171875,1209.800048828125,61.900001525878906,105.8000030517578,1,1,1,1,1,1
458,458,458,458,458,458,458,60.09999847412109,565.9000244140625,1533.699951171875,1209.4000244140625,61.900001525878906,105.6999969482422,1,1,1,1,1,1
459,459,459,459,459,459,459,60.09999847412109,567.7999877929688,1537.9000244140625,1209.300048828125,61.900001525878906,106.0,1,1,1,1,1,1
460,460,460,460,460,460,460,60.09999847412109,566.2000122070312,1539.0,1209.0,62.0,106.1999969482422,1,1,1,1,1,1
461,461,461,461,461,461,461,60.09999847412109,565.7000122070312,1541.800048828125,1208.800048828125,62.0,106.3000030517578,1,1,1,1,1,1
462,462,462,462,462,462,462,60.09999847412109,567.2999877929688,1538.5999755859375,1208.300048828125,62.0,106.4000015258789,1,1,1,1,1,1
463,463,463,463,463,463,463,60.09999847412109,568.2999877929688,1533.5999755859375,1208.0999755859375,62.0,106.5999984741211,1,1,1,1,1,1
464,464,464,464,464,464,464,60.20000076293945,567.4000244140625,1534.0999755859375,1208.0999755859375,62.0,107.0999984741211,1,1,1,1,1,1
465,465,465,465,465,465,465,60.20000076293945,564.2000122070312,1539.199951171875,1208.0,62.0,107.0,1,1,1,1,1,1
466,466,466,466,466,466,466,60.20000076293945,566.5,1531.4000244140625,1207.699951171875,62.0,106.5999984741211,1,1,1,1,1,1
467,467,467,467,467,467,467,60.20000076293945,563.7000122070312,1531.9000244140625,1207.5999755859375,62.0,105.9000015258789,1,1,1,1,1,1
468,468,468,468,468,468,468,60.20000076293945,563.4000244140625,1532.199951171875,1207.5,62.0,106.3000030517578,1,1,1,1,1,1
469,469,469,469,469,469,469,60.20000076293945,563.5999755859375,1531.0,1207.300048828125,62.0,106.8000030517578,1,1,1,1,1,1
470,470,470,470,470,470,470,60.09999847412109,563.2000122070312,1528.9000244140625,1207.0999755859375,62.0,107.0,1,1,1,1,1,1
471,471,471,471,471,471,471,60.09999847412109,560.9000244140625,1527.0999755859375,1207.0,62.0,106.0999984741211,1,1,1,1,1,1
472,472,472,472,472,472,472,60.09999847412109,558.7999877929688,1531.0,1206.9000244140625,62.0,106.1999969482422,1,1,1,1,1,1
473,473,473,473,473,473,473,60.09999847412109,558.2000122070312,1533.4000244140625,1206.9000244140625,62.0,106.1999969482422,1,1,1,1,1,1
474,474,474,474,474,474,474,60.09999847412109,558.0,1520.300048828125,1206.9000244140625,62.0,106.1999969482422,1,1,1,1,1,1
475,475,475,475,475,475,475,60.20000076293945,561.7999877929688,1532.4000244140625,1206.800048828125,62.0,106.8000030517578,1,1,1,1,1,1
476,476,476,476,476,476,476,60.20000076293945,561.4000244140625,1520.5999755859375,1206.699951171875,61.900001525878906,107.0,1,1,1,1,1,1
477,477,477,477,477,477,477,60.20000076293945,562.0,1528.300048828125,1206.699951171875,62.09999847412109,107.0999984741211,1,1,1,1,1,1
478,478,478,478,478,478,478,60.20000076293945,561.7999877929688,1532.5,1206.5999755859375,62.09999847412109,107.1999969482422,1,1,1,1,1,1
479,479,479,479,479,479,479,60.20000076293945,561.4000244140625,1529.300048828125,1206.5,62.09999847412109,107.1999969482422,1,1,1,1,1,1
480,480,480,480,480,480,480,60.20000076293945,559.9000244140625,1529.5999755859375,1206.4000244140625,62.0,107.4000015258789,1,1,1,1,1,1
481,481,481,481,481,481,481,60.09999847412109,558.0,1530.0999755859375,1206.4000244140625,62.0,107.5999984741211,1,1,1,1,1,1
482,482,482,482,482,482,482,60.09999847412109,557.0999755859375,1528.300048828125,1206.300048828125,62.0,107.6999969482422,1,1,1,1,1,1
483,483,483,483,483,483,483,60.09999847412109,555.7000122070312,1529.9000244140625,1206.199951171875,62.0,107.5,1,1,1,1,1,1
484,484,484,484,484,484,484,60.09999847412109,555.2999877929688,1529.800048828125,1206.0999755859375,61.900001525878906,107.3000030517578,1,1,1,1,1,1
485,485,485,485,485,485,485,60.09999847412109,554.7999877929688,1525.699951171875,1206.0999755859375,62.0,107.1999969482422,1,1,1,1,1,1
486,486,486,486,486,486,486,60.09999847412109,554.0,1524.4000244140625,1206.0999755859375,62.0,107.1999969482422,1,1,1,1,1,1
487,487,487,487,487,487,487,60.20000076293945,555.5,1519.5,1206.0,62.0,107.6999969482422,1,1,1,1,1,1
488,488,488,488,488,488,488,60.20000076293945,555.2999877929688,1520.4000244140625,1206.0,62.0,107.6999969482422,1,1,1,1,1,1
489,489,489,489,489,489,489,60.20000076293945,555.0999755859375,1523.0999755859375,1205.800048828125,61.900001525878906,107.6999969482422,1,1,1,1,1,1
490,490,490,490,490,490,490,60.20000076293945,555.4000244140625,1520.699951171875,1205.800048828125,61.900001525878906,108.0999984741211,1,1,1,1,1,1
491,491,491,491,491,491,491,60.20000076293945,554.5999755859375,1524.800048828125,1205.800048828125,61.900001525878906,108.5,1,1,1,1,1,1
492,492,492,492,492,492,492,60.20000076293945,552.7000122070312,1527.199951171875,1205.699951171875,61.900001525878906,108.5,1,1,1,1,1,1
493,493,493,493,493,493,493,60.09999847412109,548.0,1524.5,1205.5999755859375,61.900001525878906,108.5,1,1,1,1,1,1
494,494,494,494,494,494,494,60.09999847412109,548.5999755859375,1524.0,1205.5999755859375,61.900001525878906,108.5999984741211,1,1,1,1,1,1
495,495,495,495,495,495,495,60.09999847412109,550.2999877929688,1525.5,1205.199951171875,61.900001525878906,108.8000030517578,1,1,1,1,1,1
496,496,496,496,496,496,496,60.09999847412109,549.2999877929688,1522.0,1205.199951171875,61.900001525878906,108.6999969482422,1,1,1,1,1,1
497,497,497,497,497,497,497,60.09999847412109,549.4000244140625,1522.699951171875,1205.0999755859375,61.79999923706055,108.8000030517578,1,1,1,1,1,1
498,498,498,498,498,498,498,60.09999847412109,550.2000122070312,1525.0,1205.0,61.79999923706055,109.0999984741211,1,1,1,1,1,1
499,499,499,499,499,499,499,60.20000076293945,552.2000122070312,1524.9000244140625,1204.800048828125,61.79999923706055,109.0,1,1,1,1,1,1
500,500,500,500,500,500,500,60.20000076293945,554.4000244140625,1527.699951171875,1204.699951171875,62.09999847412109,108.6999969482422,1,1,1,1,1,1
501,501,501,501,501,501,501,60.20000076293945,554.7000122070312,1524.5999755859375,1204.5,62.0,109.0999984741211,1,1,1,1,1,1
502,502,502,502,502,502,502,60.20000076293945,551.0999755859375,1517.0999755859375,1204.5,62.0,109.0,1,1,1,1,1,1
503,503,503,503,503,503,503,60.20000076293945,547.5999755859375,1521.300048828125,1204.5,62.0,107.6999969482422,1,1,1,1,1,1
504,504,504,504,504,504,504,60.20000076293945,547.9000244140625,1517.9000244140625,1204.4000244140625,62.0,107.5,1,1,1,1,1,1
505,505,505,505,505,505,505,60.20000076293945,547.7000122070312,1515.800048828125,1204.300048828125,62.09999847412109,107.0,1,1,1,1,1,1
506,506,506,506,506,506,506,60.09999847412109,547.5999755859375,1519.0999755859375,1204.300048828125,62.09999847412109,107.4000015258789,1,1,1,1,1,1
507,507,507,507,507,507,507,60.09999847412109,547.5,1520.199951171875,1204.199951171875,61.900001525878906,107.4000015258789,1,1,1,1,1,1
508,508,508,508,508,508,508,60.09999847412109,541.2000122070312,1515.5999755859375,1204.199951171875,62.0,106.9000015258789,1,1,1,1,1,1
509,509,509,509,509,509,509,60.09999847412109,539.7999877929688,1515.300048828125,1204.0999755859375,61.79999923706055,106.5,1,1,1,1,1,1
510,510,510,510,510,510,510,60.09999847412109,539.5,1513.0,1204.0,61.79999923706055,106.8000030517578,1,1,1,1,1,1
511,511,511,511,511,511,511,60.20000076293945,540.0,1509.699951171875,1203.9000244140625,61.900001525878906,107.0,1,1,1,1,1,1
512,512,512,512,512,512,512,60.20000076293945,539.2999877929688,1504.800048828125,1203.5999755859375,61.900001525878906,107.0,1,1,1,1,1,1
513,513,513,513,513,513,513,60.20000076293945,539.4000244140625,1502.800048828125,1203.5,62.0,107.3000030517578,1,1,1,1,1,1
514,514,514,514,514,514,514,60.20000076293945,539.5999755859375,1508.5,1203.300048828125,62.0,107.5999984741211,1,1,1,1,1,1
515,515,515,515,515,515,515,60.20000076293945,537.7000122070312,1509.199951171875,1203.0999755859375,62.0,107.3000030517578,1,1,1,1,1,1
516,516,516,516,516,516,516,60.20000076293945,532.4000244140625,1510.699951171875,1203.0,61.900001525878906,107.0999984741211,1,1,1,1,1,1
517,517,517,517,517,517,517,60.20000076293945,532.0,1507.4000244140625,1203.0,62.0,107.0,1,1,1,1,1,1
518,518,518,518,518,518,518,60.20000076293945,527.4000244140625,1500.4000244140625,1202.9000244140625,62.0,106.4000015258789,1,1,1,1,1,1
519,519,519,519,519,519,519,60.09999847412109,528.9000244140625,1505.699951171875,1202.9000244140625,62.0,106.4000015258789,1,1,1,1,1,1
520,520,520,520,520,520,520,60.09999847412109,526.2999877929688,1504.0999755859375,1202.800048828125,61.900001525878906,106.4000015258789,1,1,1,1,1,1
521,521,521,521,521,521,521,60.09999847412109,525.2000122070312,1504.5,1202.5999755859375,62.0,106.1999969482422,1,1,1,1,1,1
522,522,522,522,522,522,522,60.09999847412109,524.0999755859375,1503.5999755859375,1202.4000244140625,62.0,106.5999984741211,1,1,1,1,1,1
523,523,523,523,523,523,523,60.20000076293945,524.2000122070312,1502.0999755859375,1202.4000244140625,62.0,106.5,1,1,1,1,1,1
524,524,524,524,524,524,524,60.20000076293945,523.2000122070312,1500.9000244140625,1202.300048828125,61.900001525878906,106.5999984741211,1,1,1,1,1,1
525,525,525,525,525,525,525,60.20000076293945,523.0999755859375,1501.800048828125,1202.0999755859375,61.900001525878906,106.8000030517578,1,1,1,1,1,1
526,526,526,526,526,526,526,60.20000076293945,520.9000244140625,1503.0,1201.9000244140625,61.900001525878906,106.9000015258789,1,1,1,1,1,1
527,527,527,527,527,527,527,60.20000076293945,516.2000122070312,1502.699951171875,1201.699951171875,61.900001525878906,107.4000015258789,1,1,1,1,1,1
528,528,528,528,528,528,528,60.20000076293945,516.5999755859375,1502.800048828125,1201.699951171875,61.900001525878906,107.5999984741211,1,1,1,1,1,1
529,529,529,529,529,529,529,60.20000076293945,516.0999755859375,1500.800048828125,1201.5999755859375,62.0,107.8000030517578,1,1,1,1,1,1
530,530,530,530,530,530,530,60.09999847412109,514.9000244140625,1501.800048828125,1201.4000244140625,62.0,107.5,1,1,1,1,1,1
531,531,531,531,531,531,531,60.09999847412109,514.5,1501.800048828125,1201.300048828125,62.0,107.5,1,1,1,1,1,1
532,532,532,532,532,532,532,60.09999847412109,512.2999877929688,1503.300048828125,1201.300048828125,61.900001525878906,107.5,1,1,1,1,1,1
533,533,533,533,533,533,533,60.09999847412109,510.7000122070313,1499.699951171875,1201.0999755859375,61.900001525878906,107.8000030517578,1,1,1,1,1,1
534,534,534,534,534,534,534,60.09999847412109,509.6000061035156,1499.5,1201.0999755859375,61.900001525878906,108.0,1,1,1,1,1,1
535,535,535,535,535,535,535,60.20000076293945,508.7999877929688,1499.5999755859375,1201.0999755859375,61.900001525878906,108.0999984741211,1,1,1,1,1,1
536,536,536,536,536,536,536,60.20000076293945,507.2000122070313,1502.9000244140625,1200.800048828125,62.0,108.0,1,1,1,1,1,1
537,537,537,537,537,537,537,60.20000076293945,507.5,1500.300048828125,1200.800048828125,62.0,108.0,1,1,1,1,1,1
538,538,538,538,538,538,538,60.20000076293945,507.1000061035156,1502.4000244140625,1200.5,62.0,108.0999984741211,1,1,1,1,1,1
539,539,539,539,539,539,539,60.20000076293945,507.2000122070313,1499.9000244140625,1200.4000244140625,62.0,108.1999969482422,1,1,1,1,1,1
540,540,540,540,540,540,540,60.20000076293945,505.2000122070313,1498.0,1200.199951171875,61.79999923706055,108.3000030517578,1,1,1,1,1,1
541,541,541,541,541,541,541,60.09999847412109,504.7000122070313,1497.9000244140625,1200.199951171875,62.0,108.0,1,1,1,1,1,1
542,542,542,542,542,542,542,60.09999847412109,502.2000122070313,1492.4000244140625,1200.0,62.0,107.8000030517578,1,1,1,1,1,1
543,543,543,543,543,543,543,60.09999847412109,503.2000122070313,1490.0,1199.9000244140625,62.0,107.6999969482422,1,1,1,1,1,1
544,544,544,544,544,544,544,60.09999847412109,504.2000122070313,1492.0,1199.9000244140625,62.0,107.6999969482422,1,1,1,1,1,1
545,545,545,545,545,545,545,60.09999847412109,501.3999938964844,1493.5999755859375,1199.800048828125,61.900001525878906,107.6999969482422,1,1,1,1,1,1
546,546,546,546,546,546,546,60.09999847412109,501.0,1493.9000244140625,1199.699951171875,61.900001525878906,107.5,1,1,1,1,1,1
547,547,547,547,547,547,547,60.20000076293945,501.0,1491.9000244140625,1199.0999755859375,61.900001525878906,107.5999984741211,1,1,1,1,1,1
548,548,548,548,548,548,548,60.20000076293945,501.2000122070313,1486.4000244140625,1198.699951171875,61.900001525878906,107.5,1,1,1,1,1,1
549,549,549,549,549,549,549,60.20000076293945,500.7999877929688,1487.0999755859375,1198.5999755859375,62.0,107.4000015258789,1,1,1,1,1,1
550,550,550,550,550,550,550,60.20000076293945,500.7999877929688,1485.699951171875,1198.5999755859375,62.0,107.5999984741211,1,1,1,1,1,1
551,551,551,551,551,551,551,60.20000076293945,500.7999877929688,1486.699951171875,1198.5,62.0,107.5999984741211,1,1,1,1,1,1
552,552,552,552,552,552,552,60.20000076293945,501.0,1485.9000244140625,1198.300048828125,61.900001525878906,107.5999984741211,1,1,1,1,1,1
553,553,553,553,553,553,553,60.20000076293945,500.7999877929688,1489.0999755859375,1197.800048828125,62.0,107.5999984741211,1,1,1,1,1,1
554,554,554,554,554,554,554,60.20000076293945,500.6000061035156,1488.800048828125,1197.800048828125,62.0,107.5999984741211,1,1,1,1,1,1
555,555,555,555,555,555,555,60.09999847412109,500.6000061035156,1486.4000244140625,1197.800048828125,62.0,107.5999984741211,1,1,1,1,1,1
556,556,556,556,556,556,556,60.09999847412109,498.7999877929688,1485.0999755859375,1197.5,61.900001525878906,107.5999984741211,1,1,1,1,1,1
557,557,557,557,557,557,557,60.09999847412109,499.8999938964844,1491.5999755859375,1197.4000244140625,62.0,107.4000015258789,1,1,1,1,1,1
558,558,558,558,558,558,558,60.09999847412109,500.6000061035156,1492.4000244140625,1196.9000244140625,62.0,107.5999984741211,1,1,1,1,1,1
559,559,559,559,559,559,559,60.20000076293945,500.2000122070313,1487.5999755859375,1196.800048828125,62.0,107.5999984741211,1,1,1,1,1,1
560,560,560,560,560,560,560,60.20000076293945,498.1000061035156,1489.0999755859375,1196.699951171875,61.900001525878906,107.5,1,1,1,1,1,1
561,561,561,561,561,561,561,60.20000076293945,499.8999938964844,1489.5999755859375,1195.0999755859375,62.0,107.5999984741211,1,1,1,1,1,1
562,562,562,562,562,562,562,60.20000076293945,500.2999877929688,1485.5999755859375,1195.0999755859375,62.0,107.5,1,1,1,1,1,1
563,563,563,563,563,563,563,60.20000076293945,500.2999877929688,1486.699951171875,1195.0,62.0,107.6999969482422,1,1,1,1,1,1
564,564,564,564,564,564,564,60.20000076293945,500.2999877929688,1483.4000244140625,1194.800048828125,61.900001525878906,107.6999969482422,1,1,1,1,1,1
565,565,565,565,565,565,565,60.20000076293945,499.7999877929688,1486.5,1190.0,61.900001525878906,107.8000030517578,1,1,1,1,1,1
566,566,566,566,566,566,566,60.09999847412109,498.2999877929688,1486.0999755859375,1189.699951171875,61.900001525878906,107.6999969482422,1,1,1,1,1,1
567,567,567,567,567,567,567,60.09999847412109,495.2999877929688,1484.9000244140625,1186.4000244140625,61.900001525878906,107.5,1,1,1,1,1,1
568,568,568,568,568,568,568,60.09999847412109,495.8999938964844,1485.5,1186.199951171875,61.900001525878906,107.5,1,1,1,1,1,1
569,569,569,569,569,569,569,60.09999847412109,493.6000061035156,1484.5,1186.0999755859375,61.900001525878906,107.5,1,1,1,1,1,1
570,570,570,570,570,570,570,60.09999847412109,494.1000061035156,1485.300048828125,1185.5,61.900001525878906,107.5,1,1,1,1,1,1
571,571,571,571,571,571,571,60.20000076293945,495.0,1488.0,1185.4000244140625,61.900001525878906,107.6999969482422,1,1,1,1,1,1
572,572,572,572,572,572,572,60.20000076293945,493.2999877929688,1488.699951171875,1185.4000244140625,61.900001525878906,107.8000030517578,1,1,1,1,1,1
573,573,573,573,573,573,573,60.20000076293945,493.8999938964844,1490.9000244140625,1185.300048828125,61.900001525878906,107.8000030517578,1,1,1,1,1,1
574,574,574,574,574,574,574,60.20000076293945,496.0,1488.699951171875,1185.0,61.900001525878906,107.8000030517578,1,1,1,1,1,1
575,575,575,575,575,575,575,60.20000076293945,496.6000061035156,1481.0,1184.300048828125,61.900001525878906,107.8000030517578,1,1,1,1,1,1
576,576,576,576,576,576,576,60.20000076293945,496.7999877929688,1480.5,1184.0,62.09999847412109,107.8000030517578,1,1,1,1,1,1
577,577,577,577,577,577,577,60.20000076293945,494.2000122070313,1482.199951171875,1183.800048828125,61.900001525878906,107.8000030517578,1,1,1,1,1,1
578,578,578,578,578,578,578,60.09999847412109,494.1000061035156,1482.0,1183.5999755859375,61.900001525878906,107.9000015258789,1,1,1,1,1,1
579,579,579,579,579,579,579,60.09999847412109,493.2000122070313,1468.199951171875,1183.5,61.900001525878906,107.9000015258789,1,1,-1,1,1,1
580,580,580,580,580,580,580,60.09999847412109,493.1000061035156,1476.9000244140625,1182.5999755859375,62.0,108.0,1,1,1,1,1,1
581,581,581,581,581,581,581,60.09999847412109,493.0,1481.9000244140625,1181.5,61.900001525878906,107.9000015258789,1,1,1,1,1,1
582,582,582,582,582,582,582,60.09999847412109,493.3999938964844,1478.800048828125,1168.699951171875,61.900001525878906,108.1999969482422,1,1,1,1,1,1
583,583,583,583,583,583,583,60.20000076293945,493.2000122070313,1479.0999755859375,1165.9000244140625,61.900001525878906,107.9000015258789,1,1,1,1,1,1
584,584,584,584,584,584,584,60.20000076293945,493.1000061035156,1479.0999755859375,1165.699951171875,61.900001525878906,107.9000015258789,1,1,1,1,1,1
585,585,585,585,585,585,585,60.20000076293945,493.2000122070313,1476.800048828125,1165.199951171875,61.900001525878906,108.0999984741211,1,1,1,1,1,1
586,586,586,586,586,586,586,60.20000076293945,492.8999938964844,1476.4000244140625,1164.300048828125,61.900001525878906,108.1999969482422,1,1,1,1,1,1
587,587,587,587,587,587,587,60.20000076293945,491.5,1474.699951171875,1163.4000244140625,61.900001525878906,108.0,1,1,1,1,1,1
588,588,588,588,588,588,588,60.20000076293945,488.1000061035156,1478.0999755859375,1163.199951171875,61.900001525878906,108.0,1,1,1,1,1,1
589,589,589,589,589,589,589,60.20000076293945,486.8999938964844,1474.5,1162.9000244140625,61.900001525878906,108.0,1,1,1,1,1,1
590,590,590,590,590,590,590,60.09999847412109,487.7000122070313,1475.800048828125,1159.0999755859375,61.900001525878906,107.8000030517578,1,1,1,1,1,1
591,591,591,591,591,591,591,60.09999847412109,486.0,1474.800048828125,1157.5999755859375,61.900001525878906,107.9000015258789,1,1,1,1,1,1
592,592,592,592,592,592,592,60.09999847412109,485.7999877929688,1476.5,1156.800048828125,61.900001525878906,108.0,1,1,1,1,1,1
593,593,593,593,593,593,593,60.09999847412109,485.6000061035156,1474.300048828125,1156.5,62.0,108.0,1,1,1,1,1,1
594,594,594,594,594,594,594,60.09999847412109,486.1000061035156,1475.300048828125,1156.4000244140625,62.0,107.9000015258789,1,1,1,1,1,1
595,595,595,595,595,595,595,60.20000076293945,486.7999877929688,1476.0999755859375,1156.0999755859375,62.0,108.0,1,1,1,1,1,1
596,596,596,596,596,596,596,60.20000076293945,486.0,1474.300048828125,1155.800048828125,61.900001525878906,107.9000015258789,1,1,1,1,1,1
597,597,597,597,597,597,597,60.20000076293945,485.7000122070313,1475.5999755859375,1155.4000244140625,62.0,107.9000015258789,1,1,1,1,1,1
598,598,598,598,598,598,598,60.20000076293945,486.2000122070313,1476.300048828125,1155.199951171875,62.0,107.9000015258789,1,1,1,1,1,1
599,599,599,599,599,599,599,60.20000076293945,485.3999938964844,1477.800048828125,1155.199951171875,62.0,107.5999984741211,1,1,1,1,1,1
600,600,600,600,600,600,600,60.20000076293945,485.7999877929688,1474.0999755859375,1154.9000244140625,61.900001525878906,107.6999969482422,1,1,1,1,1,1
601,601,601,601,601,601,601,60.09999847412109,476.6000061035156,1471.199951171875,1154.699951171875,61.900001525878906,110.3000030517578,1,1,-1,1,1,1
602,602,602,602,602,602,602,60.09999847412109,474.1000061035156,1471.699951171875,1153.199951171875,61.900001525878906,110.4000015258789,1,-1,-1,1,1,1
603,603,603,603,603,603,603,60.09999847412109,471.2999877929688,1471.699951171875,1152.5999755859375,61.900001525878906,110.3000030517578,1,-1,-1,1,1,1
604,604,604,604,604,604,604,60.09999847412109,469.3999938964844,1475.300048828125,1143.0999755859375,61.900001525878906,110.0,1,1,1,1,1,1
605,605,605,605,605,605,605,60.0,469.2999877929688,1476.300048828125,1140.0,61.900001525878906,110.0999984741211,-1,1,1,1,1,1
606,606,606,606,606,606,606,60.09999847412109,469.2999877929688,1473.300048828125,1139.9000244140625,61.900001525878906,110.0,1,1,1,1,1,1
607,607,607,607,607,607,607,60.20000076293945,469.2999877929688,1473.9000244140625,1139.800048828125,61.900001525878906,110.1999969482422,1,1,1,1,1,1
608,608,608,608,608,608,608,60.20000076293945,469.1000061035156,1469.5,1136.800048828125,61.900001525878906,109.9000015258789,1,1,-1,1,1,1
609,609,609,609,609,609,609,60.20000076293945,469.1000061035156,1472.199951171875,1135.800048828125,61.79999923706055,109.6999969482422,1,1,-1,1,1,1
610,610,610,610,610,610,610,60.20000076293945,468.6000061035156,1472.300048828125,1134.800048828125,61.79999923706055,109.6999969482422,1,-1,1,1,1,1
611,611,611,611,611,611,611,60.09999847412109,39.59999847412109,737.5999755859375,1134.800048828125,61.900001525878906,107.6999969482422,1,1,1,1,1,1
612,612,612,612,612,612,612,60.09999847412109,39.59999847412109,737.5999755859375,1134.800048828125,61.900001525878906,107.8000030517578,1,1,1,1,1,1
613,613,613,613,613,613,613,60.0,39.59999847412109,736.469970703125,1134.800048828125,61.900001525878906,107.6999969482422,-1,1,1,1,1,1
614,614,614,614,614,614,614,60.09999847412109,39.59999847412109,735.3300170898438,1134.800048828125,61.900001525878906,107.5,1,1,1,1,1,1
615,615,615,615,615,615,615,60.20000076293945,39.59999847412109,735.3300170898438,1134.800048828125,61.900001525878906,107.5,1,1,1,1,1,1
616,616,616,616,616,616,616,60.20000076293945,39.59999847412109,736.0399780273438,1134.800048828125,61.900001525878906,107.5,1,1,1,1,1,1
617,617,617,617,617,617,617,60.20000076293945,39.59999847412109,734.0499877929688,1134.800048828125,61.900001525878906,107.5,1,1,1,1,1,1
618,618,618,618,618,618,618,60.20000076293945,39.59999847412109,733.760009765625,1134.800048828125,61.900001525878906,107.6999969482422,1,1,1,1,1,1
619,619,619,619,619,619,619,60.09999847412109,39.59999847412109,733.760009765625,1134.800048828125,61.900001525878906,107.8000030517578,1,1,1,1,1,1
620,620,620,620,620,620,620,60.09999847412109,39.59999847412109,733.760009765625,1134.800048828125,61.900001525878906,107.8000030517578,1,1,1,1,1,1
621,621,621,621,621,621,621,60.09999847412109,39.59999847412109,732.2000122070312,1134.800048828125,61.900001525878906,107.8000030517578,1,1,1,1,1,1
622,622,622,622,622,622,622,60.0,39.59999847412109,731.77001953125,1134.800048828125,61.900001525878906,107.8000030517578,-1,1,1,1,1,1
623,623,623,623,623,623,623,60.09999847412109,39.59999847412109,731.77001953125,1134.800048828125,62.09999847412109,107.8000030517578,1,1,1,1,1,1
624,624,624,624,624,624,624,60.20000076293945,39.59999847412109,731.77001953125,1134.800048828125,61.900001525878906,107.8000030517578,1,1,1,1,1,1
625,625,625,625,625,625,625,60.20000076293945,39.59999847412109,731.0599975585938,1134.800048828125,61.900001525878906,107.9000015258789,1,1,1,1,1,1
626,626,626,626,626,626,626,60.20000076293945,39.59999847412109,730.3499755859375,1134.800048828125,61.900001525878906,107.9000015258789,1,1,1,1,1,1
627,627,627,627,627,627,627,60.20000076293945,39.59999847412109,730.3499755859375,1134.800048828125,62.0,108.0,1,1,1,1,1,1
628,628,628,628,628,628,628,60.20000076293945,39.59999847412109,730.3499755859375,1134.800048828125,61.900001525878906,107.9000015258789,1,1,1,1,1,1
629,629,629,629,629,629,629,60.20000076293945,39.59999847412109,729.6400146484375,1134.800048828125,61.900001525878906,108.1999969482422,1,1,1,1,1,1
630,630,630,630,630,630,630,60.20000076293945,39.59999847412109,729.0700073242188,1134.800048828125,61.900001525878906,107.9000015258789,1,1,1,1,1,1
631,631,631,631,631,631,631,60.20000076293945,39.59999847412109,729.0700073242188,1134.800048828125,61.900001525878906,107.9000015258789,1,1,1,1,1,1
632,632,632,632,632,632,632,60.20000076293945,39.59999847412109,729.0700073242188,1134.800048828125,61.900001525878906,108.0999984741211,1,1,1,1,1,1
633,633,633,633,633,633,633,60.09999847412109,39.59999847412109,727.7899780273438,1134.800048828125,61.900001525878906,108.1999969482422,1,1,1,1,1,1
634,634,634,634,634,634,634,60.09999847412109,39.59999847412109,717.97998046875,1134.800048828125,61.900001525878906,108.0,1,1,1,1,1,1
635,635,635,635,635,635,635,60.09999847412109,39.59999847412109,717.97998046875,1134.800048828125,61.900001525878906,108.0,1,1,1,1,1,1
636,636,636,636,636,636,636,60.09999847412109,39.59999847412109,718.1199951171875,1134.800048828125,61.900001525878906,108.0,1,1,1,1,1,1
637,637,637,637,637,637,637,60.09999847412109,39.59999847412109,716.27001953125,1134.800048828125,61.900001525878906,107.8000030517578,1,1,1,1,1,1
638,638,638,638,638,638,638,60.20000076293945,39.59999847412109,713.5700073242188,1134.800048828125,61.900001525878906,107.9000015258789,1,1,1,1,1,1
639,639,639,639,639,639,639,60.20000076293945,39.59999847412109,713.5700073242188,1134.800048828125,61.900001525878906,108.0,1,1,1,1,1,1
640,640,640,640,640,640,640,60.20000076293945,39.59999847412109,713.5700073242188,1134.800048828125,62.0,108.0,1,1,1,1,1,1
641,641,641,641,641,641,641,60.20000076293945,39.59999847412109,712.2899780273438,1134.800048828125,62.0,107.9000015258789,1,1,1,1,1,1
642,642,642,642,642,642,642,60.20000076293945,39.59999847412109,710.1500244140625,1155.800048828125,62.0,108.0,1,1,1,1,1,1
643,643,643,643,643,643,643,60.20000076293945,39.59999847412109,710.1500244140625,1166.800048828125,61.900001525878906,107.9000015258789,1,1,1,1,1,1
644,644,644,644,644,644,644,60.09999847412109,39.59999847412109,710.4400024414062,1177.800048828125,62.0,107.9000015258789,1,1,1,1,1,1
645,645,645,645,645,645,645,60.09999847412109,39.59999847412109,709.1599731445312,1188.800048828125,62.0,107.9000015258789,1,1,1,1,1,1
646,646,646,646,646,646,646,60.09999847412109,39.59999847412109,708.1599731445312,1199.800048828125,62.0,107.5999984741211,1,1,1,1,1,1
647,647,647,647,647,647,647,60.09999847412109,39.59999847412109,708.1599731445312,1210.5,61.900001525878906,107.6999969482422,1,1,1,1,1,1
648,648,648,648,648,648,648,60.0,39.59999847412109,707.8800048828125,1215.800048828125,61.900001525878906,110.3000030517578,-1,1,1,1,1,1
649,649,649,649,649,649,649,60.09999847412109,44.0,610.5,1229.699951171875,61.900001525878906,110.4000015258789,1,-1,-1,1,1,1
650,650,650,650,650,650,650,60.20000076293945,33.5,830.9000244140625,1243.800048828125,61.900001525878906,110.3000030517578,1,1,1,1,1,1
651,651,651,651,651,651,651,60.20000076293945,47.0,631.7999877929688,1256.9000244140625,61.900001525878906,110.0,1,-1,-1,1,1,1
652,652,652,652,652,652,652,60.20000076293945,40.0,840.5999755859375,1155.199951171875,61.900001525878906,110.0999984741211,1,1,-1,1,1,1
653,653,653,653,653,653,653,60.20000076293945,34.0,639.0,1154.9000244140625,61.900001525878906,110.0,1,1,-1,1,1,1
654,654,654,654,654,654,654,60.09999847412109,42.0,850.0,1155.4000244140625,61.900001525878906,110.1999969482422,1,-1,-1,1,1,1
655,655,655,655,655,655,655,60.09999847412109,39.59999847412109,650.0,1156.4000244140625,61.900001525878906,109.9000015258789,1,1,1,1,1,1
656,656,656,656,656,656,656,60.0,39.59999847412109,790.0,1156.0999755859375,61.79999923706055,109.6999969482422,-1,1,1,1,1,1
657,657,657,657,657,657,657,60.09999847412109,39.59999847412109,680.0,1154.699951171875,61.79999923706055,109.6999969482422,1,1,1,1,1,1
658,658,658,658,658,658,658,60.20000076293945,39.59999847412109,703.469970703125,1157.5999755859375,61.900001525878906,110.3000030517578,1,1,1,1,1,1
659,659,659,659,659,659,659,60.20000076293945,39.59999847412109,703.469970703125,1156.800048828125,61.900001525878906,110.4000015258789,1,1,1,1,1,1
660,660,660,660,660,660,660,60.20000076293945,39.59999847412109,703.469970703125,1156.5,61.900001525878906,110.3000030517578,1,1,1,1,1,1
661,661,661,661,661,661,661,60.20000076293945,39.59999847412109,702.9000244140625,1159.0999755859375,61.900001525878906,110.0,1,1,1,1,1,1
662,662,662,662,662,662,662,60.09999847412109,39.59999847412109,737.5999755859375,1134.800048828125,61.900001525878906,107.6999969482422,1,1,1,1,1,1
663,663,663,663,663,663,663,60.09999847412109,39.59999847412109,737.5999755859375,1134.800048828125,61.900001525878906,107.8000030517578,1,1,1,1,1,1
664,664,664,664,664,664,664,60.0,39.59999847412109,736.469970703125,1134.800048828125,61.900001525878906,107.6999969482422,-1,1,1,1,1,1
665,665,665,665,665,665,665,60.09999847412109,39.59999847412109,735.3300170898438,1134.800048828125,61.900001525878906,107.5,1,1,1,1,1,1
666,666,666,666,666,666,666,60.20000076293945,39.59999847412109,735.3300170898438,1134.800048828125,61.900001525878906,107.5,1,1,1,1,1,1
667,667,667,667,667,667,667,60.20000076293945,39.59999847412109,736.0399780273438,1134.800048828125,61.900001525878906,107.5,1,1,1,1,1,1
668,668,668,668,668,668,668,60.20000076293945,39.59999847412109,734.0499877929688,1134.800048828125,61.900001525878906,107.5,1,1,1,1,1,1
669,669,669,669,669,669,669,60.20000076293945,39.59999847412109,733.760009765625,1134.800048828125,61.900001525878906,107.6999969482422,1,1,1,1,1,1
670,670,670,670,670,670,670,60.09999847412109,39.59999847412109,733.760009765625,1134.800048828125,61.900001525878906,107.8000030517578,1,1,1,1,1,1
671,671,671,671,671,671,671,60.09999847412109,39.59999847412109,733.760009765625,1134.800048828125,61.900001525878906,107.8000030517578,1,1,1,1,1,1
672,672,672,672,672,672,672,60.09999847412109,39.59999847412109,732.2000122070312,1134.800048828125,61.900001525878906,107.8000030517578,1,1,1,1,1,1
673,673,673,673,673,673,673,60.0,39.59999847412109,731.77001953125,1134.800048828125,61.900001525878906,107.8000030517578,-1,1,1,1,1,1
674,674,674,674,674,674,674,60.09999847412109,39.59999847412109,731.77001953125,1134.800048828125,62.09999847412109,107.8000030517578,1,1,1,1,1,1
675,675,675,675,675,675,675,60.20000076293945,39.59999847412109,731.77001953125,1134.800048828125,61.900001525878906,107.8000030517578,1,1,1,1,1,1
676,676,676,676,676,676,676,60.20000076293945,39.59999847412109,731.0599975585938,1134.800048828125,61.900001525878906,107.9000015258789,1,1,1,1,1,1
677,677,677,677,677,677,677,60.20000076293945,39.59999847412109,730.3499755859375,1134.800048828125,61.900001525878906,107.9000015258789,1,1,1,1,1,1
678,678,678,678,678,678,678,60.20000076293945,39.59999847412109,730.3499755859375,1134.800048828125,62.0,108.0,1,1,1,1,1,1
679,679,679,679,679,679,679,60.20000076293945,39.59999847412109,730.3499755859375,1134.800048828125,61.900001525878906,107.9000015258789,1,1,1,1,1,1
680,680,680,680,680,680,680,60.20000076293945,39.59999847412109,729.6400146484375,1134.800048828125,61.900001525878906,108.1999969482422,1,1,1,1,1,1
681,681,681,681,681,681,681,60.20000076293945,39.59999847412109,729.0700073242188,1134.800048828125,61.900001525878906,107.9000015258789,1,1,1,1,1,1
682,682,682,682,682,682,682,60.20000076293945,39.59999847412109,729.0700073242188,1134.800048828125,61.900001525878906,107.9000015258789,1,1,1,1,1,1
683,683,683,683,683,683,683,60.20000076293945,39.59999847412109,729.0700073242188,1134.800048828125,61.900001525878906,108.0999984741211,1,1,1,1,1,1
684,684,684,684,684,684,684,60.09999847412109,39.59999847412109,727.7899780273438,1134.800048828125,61.900001525878906,108.1999969482422,1,1,1,1,1,1
685,685,685,685,685,685,685,60.09999847412109,39.59999847412109,717.97998046875,1134.800048828125,61.900001525878906,108.0,1,1,1,1,1,1
686,686,686,686,686,686,686,60.09999847412109,39.59999847412109,717.97998046875,1134.800048828125,61.900001525878906,108.0,1,1,1,1,1,1
687,687,687,687,687,687,687,60.09999847412109,39.59999847412109,718.1199951171875,1134.800048828125,61.900001525878906,108.0,1,1,1,1,1,1
688,688,688,688,688,688,688,60.09999847412109,39.59999847412109,716.27001953125,1134.800048828125,61.900001525878906,107.8000030517578,1,1,1,1,1,1
689,689,689,689,689,689,689,60.20000076293945,39.59999847412109,713.5700073242188,1134.800048828125,61.900001525878906,107.9000015258789,1,1,1,1,1,1
690,690,690,690,690,690,690,60.20000076293945,39.59999847412109,713.5700073242188,1134.800048828125,61.900001525878906,108.0,1,1,1,1,1,1
691,691,691,691,691,691,691,60.20000076293945,39.59999847412109,713.5700073242188,1134.800048828125,62.0,108.0,1,1,1,1,1,1
692,692,692,692,692,692,692,60.20000076293945,39.59999847412109,712.2899780273438,1134.800048828125,62.0,107.9000015258789,1,1,1,1,1,1
693,693,693,693,693,693,693,60.20000076293945,39.59999847412109,710.1500244140625,1155.800048828125,62.0,108.0,1,1,1,1,1,1
694,694,694,694,694,694,694,60.20000076293945,39.59999847412109,710.1500244140625,1166.800048828125,61.900001525878906,107.9000015258789,1,1,1,1,1,1
695,695,695,695,695,695,695,60.09999847412109,39.59999847412109,710.4400024414062,1177.800048828125,62.0,107.9000015258789,1,1,1,1,1,1
696,696,696,696,696,696,696,60.09999847412109,39.59999847412109,709.1599731445312,1188.800048828125,62.0,107.9000015258789,1,1,1,1,1,1
697,697,697,697,697,697,697,60.09999847412109,39.59999847412109,708.1599731445312,1199.800048828125,62.0,107.5999984741211,1,1,1,1,1,1
698,698,698,698,698,698,698,60.09999847412109,39.59999847412109,708.1599731445312,1210.5,61.900001525878906,107.6999969482422,1,1,1,1,1,1
699,699,699,699,699,699,699,60.0,39.59999847412109,707.8800048828125,1215.800048828125,61.900001525878906,110.3000030517578,-1,1,1,1,1,1
700,700,700,700,700,700,700,60.09999847412109,44.0,610.5,1229.699951171875,61.900001525878906,110.4000015258789,1,-1,-1,1,1,1
701,701,701,701,701,701,701,60.20000076293945,33.5,830.9000244140625,1243.800048828125,61.900001525878906,110.3000030517578,1,1,1,1,1,1
702,702,702,702,702,702,702,60.20000076293945,47.0,631.7999877929688,1256.9000244140625,61.900001525878906,110.0,1,-1,-1,1,1,1
703,703,703,703,703,703,703,60.20000076293945,40.0,840.5999755859375,1155.199951171875,61.900001525878906,110.0999984741211,1,1,-1,1,1,1
704,704,704,704,704,704,704,60.20000076293945,34.0,639.0,1154.9000244140625,61.900001525878906,110.0,1,1,-1,1,1,1
705,705,705,705,705,705,705,60.09999847412109,42.0,850.0,1155.4000244140625,61.900001525878906,110.1999969482422,1,-1,-1,1,1,1
706,706,706,706,706,706,706,60.09999847412109,39.59999847412109,650.0,1156.4000244140625,61.900001525878906,109.9000015258789,1,1,1,1,1,1
707,707,707,707,707,707,707,60.0,39.59999847412109,790.0,1156.0999755859375,61.79999923706055,109.6999969482422,-1,1,1,1,1,1
708,708,708,708,708,708,708,60.09999847412109,39.59999847412109,680.0,1154.699951171875,61.79999923706055,109.6999969482422,1,1,1,1,1,1
709,709,709,709,709,709,709,60.20000076293945,39.59999847412109,703.469970703125,1157.5999755859375,61.900001525878906,110.3000030517578,1,1,1,1,1,1
710,710,710,710,710,710,710,60.20000076293945,39.59999847412109,703.469970703125,1156.800048828125,61.900001525878906,110.4000015258789,1,1,1,1,1,1
711,711,711,711,711,711,711,60.20000076293945,39.59999847412109,703.469970703125,1156.5,61.900001525878906,110.3000030517578,1,1,1,1,1,1
712,712,712,712,712,712,712,60.20000076293945,39.59999847412109,702.9000244140625,1159.0999755859375,61.900001525878906,110.0,1,1,1,1,1,1
